{
  "@module": "pymatgen.core.structure",
  "@class": "Structure",
  "charge": 0,
  "lattice": {
    "matrix": [
      [
        2.50222507,
        0.0,
        0.0
      ],
      [
        -1.25111303,
        2.16699127,
        0.0
      ],
      [
        0.0,
        0.0,
        6.76565424
      ]
    ],
    "pbc": [
      true,
      true,
      true
    ],
    "a": 2.50222507,
    "b": 2.5022260045991036,
    "c": 6.76565424,
    "alpha": 90.0,
    "beta": 90.0,
    "gamma": 120.00000073240663,
    "volume": 36.68540618899864
  },
  "properties": {},
  "sites": [
    {
      "species": [
        {
          "element": "B",
          "occu": 1
        }
      ],
      "abc": [
        -0.0,
        0.0,
        0.0
      ],
      "properties": {
        "magmom": 0.0
      },
      "label": "B",
      "xyz": [
        0.0,
        0.0,
        0.0
      ]
    },
    {
      "species": [
        {
          "element": "B",
          "occu": 1
        }
      ],
      "abc": [
        0.333333,
        0.666667,
        0.5
      ],
      "properties": {
        "magmom": -0.0
      },
      "label": "B",
      "xyz": [
        -1.5811126999887293e-06,
        1.44466156899709,
        3.38282712
      ]
    },
    {
      "species": [
        {
          "element": "N",
          "occu": 1
        }
      ],
      "abc": [
        0.333333,
        0.666667,
        -0.0
      ],
      "properties": {
        "magmom": -0.0
      },
      "label": "N",
      "xyz": [
        -1.5811126999887293e-06,
        1.44466156899709,
        0.0
      ]
    },
    {
      "species": [
        {
          "element": "N",
          "occu": 1
        }
      ],
      "abc": [
        0.666667,
        0.333333,
        0.5
      ],
      "properties": {
        "magmom": 0.0
      },
      "label": "N",
      "xyz": [
        1.2511136211127,
        0.7223297010029099,
        3.38282712
      ]
    }
  ]
}