{
  "@module": "pymatgen.core.structure",
  "@class": "Structure",
  "charge": 0,
  "lattice": {
    "matrix": [
      [
        -3.0000000000000004e-08,
        -4.62909281,
        0.0
      ],
      [
        -3.8395979000000002,
        2.31454531,
        -0.0
      ],
      [
        0.0,
        0.0,
        -9.79618588
      ]
    ],
    "pbc": [
      true,
      true,
      true
    ],
    "a": 4.62909281,
    "b": 4.483261315797621,
    "c": 9.79618588,
    "alpha": 90.0,
    "beta": 90.0,
    "gamma": 121.0819630529051,
    "volume": 174.11598837963095
  },
  "properties": {},
  "sites": [
    {
      "species": [
        {
          "element": "I",
          "occu": 1
        }
      ],
      "abc": [
        0.84091532,
        -0.0,
        0.37997294
      ],
      "properties": {
        "magmom": -0.0
      },
      "label": "I",
      "xyz": [
        -2.5227459600000002e-08,
        -3.8926750616308494,
        -3.7222855496100866
      ]
    },
    {
      "species": [
        {
          "element": "I",
          "occu": 1
        }
      ],
      "abc": [
        0.15908468,
        0.0,
        0.62002706
      ],
      "properties": {
        "magmom": -0.0
      },
      "label": "I",
      "xyz": [
        -4.772540400000001e-09,
        -0.7364177483691509,
        -6.073900330389912
      ]
    },
    {
      "species": [
        {
          "element": "I",
          "occu": 1
        }
      ],
      "abc": [
        0.65908468,
        0.0,
        0.87997294
      ],
      "properties": {
        "magmom": -0.0
      },
      "label": "I",
      "xyz": [
        -1.9772540400000003e-08,
        -3.050964153369151,
        -8.620378489610086
      ]
    },
    {
      "species": [
        {
          "element": "I",
          "occu": 1
        }
      ],
      "abc": [
        0.34091532,
        -0.0,
        0.12002706
      ],
      "properties": {
        "magmom": -0.0
      },
      "label": "I",
      "xyz": [
        -1.0227459600000002e-08,
        -1.5781286566308494,
        -1.1758073903899129
      ]
    }
  ]
}