{
  "@module": "pymatgen.core.structure",
  "@class": "Structure",
  "charge": 0,
  "lattice": {
    "matrix": [
      [
        2.97204749,
        8e-08,
        0.0
      ],
      [
        -1.486024679999999,
        2.5738686,
        0.0
      ],
      [
        0.0,
        0.0,
        2.89967487
      ]
    ],
    "pbc": [
      true,
      true,
      true
    ],
    "a": 2.9720474900000013,
    "b": 2.9720479336032017,
    "c": 2.89967487,
    "alpha": 90.0,
    "beta": 90.0,
    "gamma": 120.00001433394343,
    "volume": 22.1815263762943
  },
  "properties": {},
  "sites": [
    {
      "species": [
        {
          "element": "Nb",
          "occu": 1
        }
      ],
      "abc": [
        0.33333305,
        0.66666694,
        0.5
      ],
      "properties": {
        "magmom": 0.0
      },
      "label": "Nb",
      "xyz": [
        -1.871593534041871e-06,
        1.715913130190728,
        1.449837435
      ]
    },
    {
      "species": [
        {
          "element": "N",
          "occu": 1
        }
      ],
      "abc": [
        -5e-08,
        6.000000000000001e-08,
        -0.0
      ],
      "properties": {
        "magmom": -0.0
      },
      "label": "N",
      "xyz": [
        -2.3776385529999995e-07,
        1.5443211200000003e-07,
        0.0
      ]
    }
  ]
}