{
  "@module": "pymatgen.core.structure",
  "@class": "Structure",
  "charge": 0,
  "lattice": {
    "matrix": [
      [
        3.23735118,
        0.0,
        0.0
      ],
      [
        -1.61867509,
        2.80362829,
        0.0
      ],
      [
        0.0,
        -0.0,
        5.2220613
      ]
    ],
    "pbc": [
      true,
      true,
      true
    ],
    "a": 3.23735118,
    "b": 3.2373508669087494,
    "c": 5.2220613,
    "alpha": 90.0,
    "beta": 90.0,
    "gamma": 119.99999298106427,
    "volume": 47.397148259900405
  },
  "properties": {},
  "sites": [
    {
      "species": [
        {
          "element": "Zn",
          "occu": 1
        }
      ],
      "abc": [
        0.666667,
        0.333333,
        0.5005917
      ],
      "properties": {
        "magmom": 0.0
      },
      "label": "Zn",
      "xyz": [
        1.6186773753420902,
        0.9345418287905699,
        2.61412054367121
      ]
    },
    {
      "species": [
        {
          "element": "Zn",
          "occu": 1
        }
      ],
      "abc": [
        0.333333,
        0.666667,
        0.0005917
      ],
      "properties": {
        "magmom": 0.0
      },
      "label": "Zn",
      "xyz": [
        -1.2853420898739643e-06,
        1.8690864612094298,
        0.00308989367121
      ]
    },
    {
      "species": [
        {
          "element": "O",
          "occu": 1
        }
      ],
      "abc": [
        0.666667,
        0.333333,
        0.8797183
      ],
      "properties": {
        "magmom": 0.0
      },
      "label": "O",
      "xyz": [
        1.6186773753420902,
        0.9345418287905699,
        4.59394288933179
      ]
    },
    {
      "species": [
        {
          "element": "O",
          "occu": 1
        }
      ],
      "abc": [
        0.333333,
        0.666667,
        0.3797183
      ],
      "properties": {
        "magmom": 0.0
      },
      "label": "O",
      "xyz": [
        -1.2853420898739643e-06,
        1.8690864612094298,
        1.98291223933179
      ]
    }
  ]
}