{
  "@module": "pymatgen.core.structure",
  "@class": "Structure",
  "charge": 0,
  "lattice": {
    "matrix": [
      [
        2.7359553,
        -0.0,
        1.57960404
      ],
      [
        0.9119851,
        2.5794826200000003,
        1.57960404
      ],
      [
        0.0,
        0.0,
        3.15920808
      ]
    ],
    "pbc": [
      true,
      true,
      true
    ],
    "a": 3.1592088134187035,
    "b": 3.159208181283468,
    "c": 3.15920808,
    "alpha": 60.00000106052845,
    "beta": 60.00000767954762,
    "gamma": 59.99999850067804,
    "volume": 22.2956344436769
  },
  "properties": {},
  "sites": [
    {
      "species": [
        {
          "element": "Ta",
          "occu": 1
        }
      ],
      "abc": [
        -0.0,
        0.0,
        0.0
      ],
      "properties": {
        "magmom": -0.0
      },
      "label": "Ta",
      "xyz": [
        0.0,
        0.0,
        0.0
      ]
    },
    {
      "species": [
        {
          "element": "C",
          "occu": 1
        }
      ],
      "abc": [
        0.5,
        0.5,
        0.5
      ],
      "properties": {
        "magmom": 0.0
      },
      "label": "C",
      "xyz": [
        1.8239702,
        1.2897413100000001,
        3.15920808
      ]
    }
  ]
}