{
  "@module": "pymatgen.core.structure",
  "@class": "Structure",
  "charge": 0,
  "lattice": {
    "matrix": [
      [
        -1.539337269999999,
        -2.66621007,
        0.0
      ],
      [
        -3.07867244,
        -3.0000000000000004e-08,
        0.0
      ],
      [
        -1.53933724,
        -0.88873703,
        -7.45647799
      ]
    ],
    "pbc": [
      true,
      true,
      true
    ],
    "a": 3.0786742874458892,
    "b": 3.0786724400000005,
    "c": 7.665407794912054,
    "alpha": 78.41531399066483,
    "beta": 78.41531201680868,
    "gamma": 59.99999672804063,
    "volume": 61.205660097660434
  },
  "properties": {},
  "sites": [
    {
      "species": [
        {
          "element": "Li",
          "occu": 1
        }
      ],
      "abc": [
        0.77702792,
        0.77702792,
        0.66891525
      ],
      "properties": {
        "magmom": 0.0
      },
      "label": "Li",
      "xyz": [
        -4.618008634230012,
        -2.6662094408926995,
        -4.987751838800347
      ]
    },
    {
      "species": [
        {
          "element": "Li",
          "occu": 1
        }
      ],
      "abc": [
        0.22297208000000002,
        0.22297208000000002,
        0.33108475
      ],
      "properties": {
        "magmom": 0.0
      },
      "label": "Li",
      "xyz": [
        -1.5393383157699867,
        -0.8887376891073006,
        -2.468726151199652
      ]
    },
    {
      "species": [
        {
          "element": "Li",
          "occu": 1
        }
      ],
      "abc": [
        -0.0,
        0.0,
        0.0
      ],
      "properties": {
        "magmom": -0.0
      },
      "label": "Li",
      "xyz": [
        0.0,
        0.0,
        0.0
      ]
    }
  ]
}