{
  "@module": "pymatgen.core.structure",
  "@class": "Structure",
  "charge": 0,
  "lattice": {
    "matrix": [
      [
        3.18892989,
        -0.0,
        0.0
      ],
      [
        -1.59446545,
        2.76169519,
        0.0
      ],
      [
        0.0,
        0.0,
        5.19235725
      ]
    ],
    "pbc": [
      true,
      true,
      true
    ],
    "a": 3.18892989,
    "b": 3.188930917049292,
    "c": 5.19235725,
    "alpha": 90.0,
    "beta": 90.0,
    "gamma": 119.9999998231426,
    "volume": 45.72832358928343
  },
  "properties": {},
  "sites": [
    {
      "species": [
        {
          "element": "Ga",
          "occu": 1
        }
      ],
      "abc": [
        0.666667,
        0.333333,
        0.49908371
      ],
      "properties": {
        "magmom": -0.0
      },
      "label": "Ga",
      "xyz": [
        1.5944663711317801,
        0.92056414276827,
        2.5914209199753975
      ]
    },
    {
      "species": [
        {
          "element": "Ga",
          "occu": 1
        }
      ],
      "abc": [
        0.333333,
        0.666667,
        0.9990837100000001
      ],
      "properties": {
        "magmom": -0.0
      },
      "label": "Ga",
      "xyz": [
        -1.9311317802639394e-06,
        1.8411310472317302,
        5.187599544975398
      ]
    },
    {
      "species": [
        {
          "element": "N",
          "occu": 1
        }
      ],
      "abc": [
        0.666667,
        0.333333,
        0.87591629
      ],
      "properties": {
        "magmom": 0.0
      },
      "label": "N",
      "xyz": [
        1.5944663711317801,
        0.92056414276827,
        4.5480702987746024
      ]
    },
    {
      "species": [
        {
          "element": "N",
          "occu": 1
        }
      ],
      "abc": [
        0.333333,
        0.666667,
        0.37591629
      ],
      "properties": {
        "magmom": 0.0
      },
      "label": "N",
      "xyz": [
        -1.9311317802639394e-06,
        1.8411310472317302,
        1.9518916737746024
      ]
    }
  ]
}