{
  "@module": "pymatgen.core.structure",
  "@class": "Structure",
  "charge": 0,
  "lattice": {
    "matrix": [
      [
        4.654393,
        -2.083156,
        0.0
      ],
      [
        4.654393,
        2.083156,
        0.0
      ],
      [
        3.72204,
        0.0,
        3.48559
      ]
    ],
    "pbc": [
      true,
      true,
      true
    ],
    "a": 5.0993051603904815,
    "b": 5.0993051603904815,
    "c": 5.099305777230858,
    "alpha": 48.22349708308125,
    "beta": 48.22349708308125,
    "gamma": 48.223495747631326,
    "volume": 67.59135320453784
  },
  "properties": {},
  "sites": [
    {
      "species": [
        {
          "element": "N",
          "occu": 1
        }
      ],
      "abc": [
        0.958537,
        0.958537,
        0.958537
      ],
      "properties": {
        "magmom": 0.149
      },
      "label": "N",
      "xyz": [
        12.490528861561998,
        0.0,
        3.34106698183
      ]
    },
    {
      "species": [
        {
          "element": "N",
          "occu": 1
        }
      ],
      "abc": [
        0.041463,
        0.041463,
        0.041463
      ],
      "properties": {
        "magmom": 0.149
      },
      "label": "N",
      "xyz": [
        0.540297138438,
        0.0,
        0.14452301817000002
      ]
    },
    {
      "species": [
        {
          "element": "F",
          "occu": 1
        }
      ],
      "abc": [
        0.758918,
        0.758918,
        0.758918
      ],
      "properties": {
        "magmom": 0.735
      },
      "label": "F",
      "xyz": [
        9.889328406268,
        0.0,
        2.6452769916200003
      ]
    },
    {
      "species": [
        {
          "element": "F",
          "occu": 1
        }
      ],
      "abc": [
        0.241082,
        0.241082,
        0.241082
      ],
      "properties": {
        "magmom": 0.735
      },
      "label": "F",
      "xyz": [
        3.1414975937319998,
        0.0,
        0.84031300838
      ]
    }
  ]
}