{
  "@module": "pymatgen.core.structure",
  "@class": "Structure",
  "charge": 0,
  "lattice": {
    "matrix": [
      [
        3.1675254,
        1e-08,
        0.0
      ],
      [
        -1.5837611900000002,
        2.74315663,
        0.0
      ],
      [
        0.0,
        -0.0,
        3.55238806
      ]
    ],
    "pbc": [
      true,
      true,
      true
    ],
    "a": 3.1675254,
    "b": 3.1675239231398353,
    "c": 3.55238806,
    "alpha": 90.0,
    "beta": 90.0,
    "gamma": 119.99998370348277,
    "volume": 30.86676492435399
  },
  "properties": {},
  "sites": [
    {
      "species": [
        {
          "element": "Zr",
          "occu": 1
        }
      ],
      "abc": [
        -0.0,
        0.0,
        0.0
      ],
      "properties": {
        "magmom": 0.0
      },
      "label": "Zr",
      "xyz": [
        0.0,
        0.0,
        0.0
      ]
    },
    {
      "species": [
        {
          "element": "B",
          "occu": 1
        }
      ],
      "abc": [
        0.333333,
        0.666667,
        0.5
      ],
      "properties": {
        "magmom": -0.0
      },
      "label": "B",
      "xyz": [
        -5.770955300299363e-07,
        1.8287720043855402,
        1.77619403
      ]
    },
    {
      "species": [
        {
          "element": "B",
          "occu": 1
        }
      ],
      "abc": [
        0.666667,
        0.333333,
        0.5
      ],
      "properties": {
        "magmom": -0.0
      },
      "label": "B",
      "xyz": [
        1.5837647870955303,
        0.91438463561446,
        1.77619403
      ]
    }
  ]
}