{
  "@module": "pymatgen.core.structure",
  "@class": "Structure",
  "charge": 0,
  "lattice": {
    "matrix": [
      [
        3.472358,
        0.0,
        2.004767
      ],
      [
        1.157452,
        3.273769,
        2.004767
      ],
      [
        0.0,
        0.0,
        4.009533
      ]
    ],
    "pbc": [
      true,
      true,
      true
    ],
    "a": 4.009533739034128,
    "b": 4.009532307134338,
    "c": 4.009533,
    "alpha": 59.99998603339616,
    "beta": 59.999997846961215,
    "gamma": 59.99999627767066,
    "volume": 45.579160174025624
  },
  "properties": {},
  "sites": [
    {
      "species": [
        {
          "element": "Li",
          "occu": 1
        }
      ],
      "abc": [
        0.25,
        0.25,
        0.25
      ],
      "properties": {
        "magmom": -0.0
      },
      "label": "Li",
      "xyz": [
        1.1574525,
        0.81844225,
        2.00476675
      ]
    },
    {
      "species": [
        {
          "element": "Li",
          "occu": 1
        }
      ],
      "abc": [
        0.75,
        0.75,
        0.75
      ],
      "properties": {
        "magmom": -0.0
      },
      "label": "Li",
      "xyz": [
        3.4723574999999998,
        2.4553267500000002,
        6.01430025
      ]
    },
    {
      "species": [
        {
          "element": "S",
          "occu": 1
        }
      ],
      "abc": [
        0.0,
        0.0,
        0.0
      ],
      "properties": {
        "magmom": 0.0
      },
      "label": "S",
      "xyz": [
        0.0,
        0.0,
        0.0
      ]
    }
  ]
}