{
  "@module": "pymatgen.core.structure",
  "@class": "Structure",
  "charge": 0,
  "lattice": {
    "matrix": [
      [
        1.295834,
        -2.244451,
        0.0
      ],
      [
        1.295834,
        2.244451,
        0.0
      ],
      [
        0.0,
        0.0,
        4.657464
      ]
    ],
    "pbc": [
      true,
      true,
      true
    ],
    "a": 2.591668583549409,
    "b": 2.591668583549409,
    "c": 4.657464,
    "alpha": 90.0,
    "beta": 90.0,
    "gamma": 120.00001489670284,
    "volume": 27.09187116071718
  },
  "properties": {},
  "sites": [
    {
      "species": [
        {
          "element": "B",
          "occu": 1
        }
      ],
      "abc": [
        0.666667,
        0.333333,
        0.519483
      ],
      "properties": {
        "magmom": 0.001
      },
      "label": "B",
      "xyz": [
        1.295834,
        -0.7481518296340002,
        2.4194733711120002
      ]
    },
    {
      "species": [
        {
          "element": "B",
          "occu": 1
        }
      ],
      "abc": [
        0.333333,
        0.666667,
        0.019483
      ],
      "properties": {
        "magmom": -0.001
      },
      "label": "B",
      "xyz": [
        1.295834,
        0.7481518296340002,
        0.09074137111200001
      ]
    },
    {
      "species": [
        {
          "element": "C",
          "occu": 1
        }
      ],
      "abc": [
        0.666667,
        0.333333,
        0.855518
      ],
      "properties": {
        "magmom": -0.001
      },
      "label": "C",
      "xyz": [
        1.295834,
        -0.7481518296340002,
        3.984544286352
      ]
    },
    {
      "species": [
        {
          "element": "C",
          "occu": 1
        }
      ],
      "abc": [
        0.333333,
        0.666667,
        0.355518
      ],
      "properties": {
        "magmom": 0.001
      },
      "label": "C",
      "xyz": [
        1.295834,
        0.7481518296340002,
        1.655812286352
      ]
    }
  ]
}