{
  "@module": "pymatgen.core.structure",
  "@class": "Structure",
  "charge": 0,
  "lattice": {
    "matrix": [
      [
        2.849803,
        0.0,
        1.645335
      ],
      [
        0.949934,
        2.68682,
        1.645335
      ],
      [
        0.0,
        0.0,
        3.290669
      ]
    ],
    "pbc": [
      true,
      true,
      true
    ],
    "a": 3.29066929378113,
    "b": 3.2906691688744707,
    "c": 3.290669,
    "alpha": 59.999991645039074,
    "beta": 59.99999290067432,
    "gamma": 59.999999815343436,
    "volume": 25.196348792602333
  },
  "properties": {},
  "sites": [
    {
      "species": [
        {
          "element": "Li",
          "occu": 1
        }
      ],
      "abc": [
        0.75,
        0.75,
        0.75
      ],
      "properties": {
        "magmom": 0.0
      },
      "label": "Li",
      "xyz": [
        2.8498027500000003,
        2.0151149999999998,
        4.93600425
      ]
    },
    {
      "species": [
        {
          "element": "Li",
          "occu": 1
        }
      ],
      "abc": [
        0.25,
        0.25,
        0.25
      ],
      "properties": {
        "magmom": 0.0
      },
      "label": "Li",
      "xyz": [
        0.94993425,
        0.671705,
        1.64533475
      ]
    },
    {
      "species": [
        {
          "element": "O",
          "occu": 1
        }
      ],
      "abc": [
        0.0,
        0.0,
        0.0
      ],
      "properties": {
        "magmom": 0.0
      },
      "label": "O",
      "xyz": [
        0.0,
        0.0,
        0.0
      ]
    }
  ]
}