{
  "@module": "pymatgen.core.structure",
  "@class": "Structure",
  "charge": 0,
  "lattice": {
    "matrix": [
      [
        3.128588,
        0.0,
        0.0
      ],
      [
        -1.564293999999999,
        2.709437,
        0.0
      ],
      [
        0.0,
        0.0,
        5.016955
      ]
    ],
    "pbc": [
      true,
      true,
      true
    ],
    "a": 3.128588,
    "b": 3.1285882719535016,
    "c": 5.016955,
    "alpha": 90.0,
    "beta": 90.0,
    "gamma": 119.99999712453396,
    "volume": 42.52728307818043
  },
  "properties": {},
  "sites": [
    {
      "species": [
        {
          "element": "Al",
          "occu": 1
        }
      ],
      "abc": [
        0.666667,
        0.333333,
        0.499287
      ],
      "properties": {
        "magmom": 0.0
      },
      "label": "Al",
      "xyz": [
        1.5642955642940006,
        0.9031447635209999,
        2.504900411085
      ]
    },
    {
      "species": [
        {
          "element": "Al",
          "occu": 1
        }
      ],
      "abc": [
        0.333333,
        0.666667,
        0.999286999999999
      ],
      "properties": {
        "magmom": 0.0
      },
      "label": "Al",
      "xyz": [
        -1.5642939992233096e-06,
        1.806292236479,
        5.013377911084995
      ]
    },
    {
      "species": [
        {
          "element": "N",
          "occu": 1
        }
      ],
      "abc": [
        0.666667,
        0.333333,
        0.880713
      ],
      "properties": {
        "magmom": -0.0
      },
      "label": "N",
      "xyz": [
        1.5642955642940006,
        0.9031447635209999,
        4.418497488915
      ]
    },
    {
      "species": [
        {
          "element": "N",
          "occu": 1
        }
      ],
      "abc": [
        0.333333,
        0.666667,
        0.380712999999999
      ],
      "properties": {
        "magmom": -0.0
      },
      "label": "N",
      "xyz": [
        -1.5642939992233096e-06,
        1.806292236479,
        1.9100199889149951
      ]
    }
  ]
}