{
  "@module": "pymatgen.core.structure",
  "@class": "Structure",
  "charge": 0,
  "lattice": {
    "matrix": [
      [
        2.500578,
        0.0,
        1.44371
      ],
      [
        0.833526,
        2.357568,
        1.44371
      ],
      [
        0.0,
        0.0,
        2.887419
      ]
    ],
    "pbc": [
      true,
      true,
      true
    ],
    "a": 2.8874190721445334,
    "b": 2.887419441542915,
    "c": 2.887419,
    "alpha": 59.999993602033705,
    "beta": 59.99998937001777,
    "gamma": 59.99999714535949,
    "volume": 17.02215120415618
  },
  "properties": {},
  "sites": [
    {
      "species": [
        {
          "element": "Li",
          "occu": 1
        }
      ],
      "abc": [
        0.0,
        0.0,
        0.0
      ],
      "properties": {
        "magmom": 0.0
      },
      "label": "Li",
      "xyz": [
        0.0,
        0.0,
        0.0
      ]
    },
    {
      "species": [
        {
          "element": "F",
          "occu": 1
        }
      ],
      "abc": [
        0.5,
        0.5,
        0.5
      ],
      "properties": {
        "magmom": -0.0
      },
      "label": "F",
      "xyz": [
        1.667052,
        1.178784,
        2.8874195
      ]
    }
  ]
}