{
  "@module": "pymatgen.core.structure",
  "@class": "Structure",
  "charge": 0,
  "lattice": {
    "matrix": [
      [
        1.64100443,
        -2.31804545,
        0.0
      ],
      [
        1.64100443,
        2.31804545,
        0.0
      ],
      [
        0.0,
        0.0,
        4.64594597
      ]
    ],
    "pbc": [
      true,
      true,
      true
    ],
    "a": 2.8401109569073753,
    "b": 2.8401109569073753,
    "c": 4.64594597,
    "alpha": 90.0,
    "beta": 90.0,
    "gamma": 109.4086681149053,
    "volume": 35.34564009251693
  },
  "properties": {},
  "sites": [
    {
      "species": [
        {
          "element": "Ti",
          "occu": 1
        }
      ],
      "abc": [
        0.5,
        0.5,
        0.5
      ],
      "properties": {
        "magmom": 0.0
      },
      "label": "Ti",
      "xyz": [
        1.64100443,
        0.0,
        2.322972985
      ]
    },
    {
      "species": [
        {
          "element": "Nb",
          "occu": 1
        }
      ],
      "abc": [
        0.0,
        0.0,
        0.0
      ],
      "properties": {
        "magmom": 0.0
      },
      "label": "Nb",
      "xyz": [
        0.0,
        0.0,
        0.0
      ]
    }
  ]
}