material_id,property,raw_temperature,raw_temperature_unit,temperature_K,raw_value,raw_unit,value_SI,SI_unit,uncertainty_raw,condition,data_kind,source_id,source_locator,transformation,raw_source_file,raw_sheet,raw_row_number,raw_row_json
MAT-SS316-XLSX,thermal_conductivity,260,°C,533.15,17.8318321996533,W/(m·K),17.8318321996533,W/(m·K),0.890741794325272,unspecified,measured,SRC-SS316-XLSX,Sheet1,T_K=T_C+273.15; SI=value,alloy_material_dataset_v0.1.xlsx,Curve_Data,4,"{""SI_unit"": ""W/(m·K)"", ""condition"": ""unspecified"", ""data_kind"": ""measured"", ""material_id"": ""MAT-SS316-XLSX"", ""property"": ""thermal_conductivity"", ""source_id"": ""SRC-SS316-XLSX"", ""source_locator"": ""Sheet1"", ""temperature_K"": ""533.15"", ""transformation"": ""T_K=T_C+273.15; SI=value"", ""uncertainty_raw"": ""0.890741794325272"", ""value_SI"": ""17.8318321996533""}"
MAT-SS316-XLSX,specific_heat,260,°C,533.15,0.521879616635346,J/(g·K),521.879616635346,J/(kg·K),0.0205277366431195,unspecified,measured,SRC-SS316-XLSX,Sheet1,T_K=T_C+273.15; SI=value×1000,alloy_material_dataset_v0.1.xlsx,Curve_Data,5,"{""SI_unit"": ""J/(kg·K)"", ""condition"": ""unspecified"", ""data_kind"": ""measured"", ""material_id"": ""MAT-SS316-XLSX"", ""property"": ""specific_heat"", ""source_id"": ""SRC-SS316-XLSX"", ""source_locator"": ""Sheet1"", ""temperature_K"": ""533.15"", ""transformation"": ""T_K=T_C+273.15; SI=value×1000"", ""uncertainty_raw"": ""0.0205277366431195"", ""value_SI"": ""521.879616635346""}"
MAT-SS316-XLSX,thermal_diffusivity,260,°C,533.15,4.14766666666667,mm²/s,4.14766666666667,mm²/s,0.130672023018477,unspecified,measured,SRC-SS316-XLSX,Sheet1,T_K=T_C+273.15; SI=value,alloy_material_dataset_v0.1.xlsx,Curve_Data,6,"{""SI_unit"": ""mm²/s"", ""condition"": ""unspecified"", ""data_kind"": ""measured"", ""material_id"": ""MAT-SS316-XLSX"", ""property"": ""thermal_diffusivity"", ""source_id"": ""SRC-SS316-XLSX"", ""source_locator"": ""Sheet1"", ""temperature_K"": ""533.15"", ""transformation"": ""T_K=T_C+273.15; SI=value"", ""uncertainty_raw"": ""0.130672023018477"", ""value_SI"": ""4.14766666666667""}"
MAT-SS316-XLSX,thermal_conductivity,300,°C,573.15,18.3193706442256,W/(m·K),18.3193706442256,W/(m·K),0.963138044707233,unspecified,measured,SRC-SS316-XLSX,Sheet1,T_K=T_C+273.15; SI=value,alloy_material_dataset_v0.1.xlsx,Curve_Data,7,"{""SI_unit"": ""W/(m·K)"", ""condition"": ""unspecified"", ""data_kind"": ""measured"", ""material_id"": ""MAT-SS316-XLSX"", ""property"": ""thermal_conductivity"", ""source_id"": ""SRC-SS316-XLSX"", ""source_locator"": ""Sheet1"", ""temperature_K"": ""573.15"", ""transformation"": ""T_K=T_C+273.15; SI=value"", ""uncertainty_raw"": ""0.963138044707233"", ""value_SI"": ""18.3193706442256""}"
MAT-SS316-XLSX,specific_heat,300,°C,573.15,0.524844073960908,J/(g·K),524.8440739609081,J/(kg·K),0.022563929103902,unspecified,measured,SRC-SS316-XLSX,Sheet1,T_K=T_C+273.15; SI=value×1000,alloy_material_dataset_v0.1.xlsx,Curve_Data,8,"{""SI_unit"": ""J/(kg·K)"", ""condition"": ""unspecified"", ""data_kind"": ""measured"", ""material_id"": ""MAT-SS316-XLSX"", ""property"": ""specific_heat"", ""source_id"": ""SRC-SS316-XLSX"", ""source_locator"": ""Sheet1"", ""temperature_K"": ""573.15"", ""transformation"": ""T_K=T_C+273.15; SI=value×1000"", ""uncertainty_raw"": ""0.022563929103902"", ""value_SI"": ""524.8440739609081""}"
MAT-SS316-XLSX,thermal_diffusivity,300,°C,573.15,4.237,mm²/s,4.237,mm²/s,0.134337586131571,unspecified,measured,SRC-SS316-XLSX,Sheet1,T_K=T_C+273.15; SI=value,alloy_material_dataset_v0.1.xlsx,Curve_Data,9,"{""SI_unit"": ""mm²/s"", ""condition"": ""unspecified"", ""data_kind"": ""measured"", ""material_id"": ""MAT-SS316-XLSX"", ""property"": ""thermal_diffusivity"", ""source_id"": ""SRC-SS316-XLSX"", ""source_locator"": ""Sheet1"", ""temperature_K"": ""573.15"", ""transformation"": ""T_K=T_C+273.15; SI=value"", ""uncertainty_raw"": ""0.134337586131571"", ""value_SI"": ""4.237""}"
MAT-SS316-XLSX,thermal_conductivity,340,°C,613.15,18.9008426019181,W/(m·K),18.9008426019181,W/(m·K),0.974264641524586,unspecified,measured,SRC-SS316-XLSX,Sheet1,T_K=T_C+273.15; SI=value,alloy_material_dataset_v0.1.xlsx,Curve_Data,10,"{""SI_unit"": ""W/(m·K)"", ""condition"": ""unspecified"", ""data_kind"": ""measured"", ""material_id"": ""MAT-SS316-XLSX"", ""property"": ""thermal_conductivity"", ""source_id"": ""SRC-SS316-XLSX"", ""source_locator"": ""Sheet1"", ""temperature_K"": ""613.15"", ""transformation"": ""T_K=T_C+273.15; SI=value"", ""uncertainty_raw"": ""0.974264641524586"", ""value_SI"": ""18.9008426019181""}"
MAT-SS316-XLSX,specific_heat,340,°C,613.15,0.530239995053505,J/(g·K),530.239995053505,J/(kg·K),0.022106725615042,unspecified,measured,SRC-SS316-XLSX,Sheet1,T_K=T_C+273.15; SI=value×1000,alloy_material_dataset_v0.1.xlsx,Curve_Data,11,"{""SI_unit"": ""J/(kg·K)"", ""condition"": ""unspecified"", ""data_kind"": ""measured"", ""material_id"": ""MAT-SS316-XLSX"", ""property"": ""specific_heat"", ""source_id"": ""SRC-SS316-XLSX"", ""source_locator"": ""Sheet1"", ""temperature_K"": ""613.15"", ""transformation"": ""T_K=T_C+273.15; SI=value×1000"", ""uncertainty_raw"": ""0.022106725615042"", ""value_SI"": ""530.239995053505""}"
MAT-SS316-XLSX,thermal_diffusivity,340,°C,613.15,4.327,mm²/s,4.327,mm²/s,0.136080295791197,unspecified,measured,SRC-SS316-XLSX,Sheet1,T_K=T_C+273.15; SI=value,alloy_material_dataset_v0.1.xlsx,Curve_Data,12,"{""SI_unit"": ""mm²/s"", ""condition"": ""unspecified"", ""data_kind"": ""measured"", ""material_id"": ""MAT-SS316-XLSX"", ""property"": ""thermal_diffusivity"", ""source_id"": ""SRC-SS316-XLSX"", ""source_locator"": ""Sheet1"", ""temperature_K"": ""613.15"", ""transformation"": ""T_K=T_C+273.15; SI=value"", ""uncertainty_raw"": ""0.136080295791197"", ""value_SI"": ""4.327""}"
MAT-SS316-XLSX,thermal_conductivity,380,°C,653.15,19.3711124207464,W/(m·K),19.3711124207464,W/(m·K),1.02148567656388,unspecified,measured,SRC-SS316-XLSX,Sheet1,T_K=T_C+273.15; SI=value,alloy_material_dataset_v0.1.xlsx,Curve_Data,13,"{""SI_unit"": ""W/(m·K)"", ""condition"": ""unspecified"", ""data_kind"": ""measured"", ""material_id"": ""MAT-SS316-XLSX"", ""property"": ""thermal_conductivity"", ""source_id"": ""SRC-SS316-XLSX"", ""source_locator"": ""Sheet1"", ""temperature_K"": ""653.15"", ""transformation"": ""T_K=T_C+273.15; SI=value"", ""uncertainty_raw"": ""1.02148567656388"", ""value_SI"": ""19.3711124207464""}"
MAT-SS316-XLSX,specific_heat,380,°C,653.15,0.532882737779046,J/(g·K),532.882737779046,J/(kg·K),0.0232987289023137,unspecified,measured,SRC-SS316-XLSX,Sheet1,T_K=T_C+273.15; SI=value×1000,alloy_material_dataset_v0.1.xlsx,Curve_Data,14,"{""SI_unit"": ""J/(kg·K)"", ""condition"": ""unspecified"", ""data_kind"": ""measured"", ""material_id"": ""MAT-SS316-XLSX"", ""property"": ""specific_heat"", ""source_id"": ""SRC-SS316-XLSX"", ""source_locator"": ""Sheet1"", ""temperature_K"": ""653.15"", ""transformation"": ""T_K=T_C+273.15; SI=value×1000"", ""uncertainty_raw"": ""0.0232987289023137"", ""value_SI"": ""532.882737779046""}"
MAT-SS316-XLSX,thermal_diffusivity,380,°C,653.15,4.41266666666667,mm²/s,4.41266666666667,mm²/s,0.136756124227131,unspecified,measured,SRC-SS316-XLSX,Sheet1,T_K=T_C+273.15; SI=value,alloy_material_dataset_v0.1.xlsx,Curve_Data,15,"{""SI_unit"": ""mm²/s"", ""condition"": ""unspecified"", ""data_kind"": ""measured"", ""material_id"": ""MAT-SS316-XLSX"", ""property"": ""thermal_diffusivity"", ""source_id"": ""SRC-SS316-XLSX"", ""source_locator"": ""Sheet1"", ""temperature_K"": ""653.15"", ""transformation"": ""T_K=T_C+273.15; SI=value"", ""uncertainty_raw"": ""0.136756124227131"", ""value_SI"": ""4.41266666666667""}"
MAT-SS316-XLSX,thermal_conductivity,420,°C,693.15,19.8250191245462,W/(m·K),19.8250191245462,W/(m·K),1.06471639466642,unspecified,measured,SRC-SS316-XLSX,Sheet1,T_K=T_C+273.15; SI=value,alloy_material_dataset_v0.1.xlsx,Curve_Data,16,"{""SI_unit"": ""W/(m·K)"", ""condition"": ""unspecified"", ""data_kind"": ""measured"", ""material_id"": ""MAT-SS316-XLSX"", ""property"": ""thermal_conductivity"", ""source_id"": ""SRC-SS316-XLSX"", ""source_locator"": ""Sheet1"", ""temperature_K"": ""693.15"", ""transformation"": ""T_K=T_C+273.15; SI=value"", ""uncertainty_raw"": ""1.06471639466642"", ""value_SI"": ""19.8250191245462""}"
MAT-SS316-XLSX,specific_heat,420,°C,693.15,0.535737540703751,J/(g·K),535.737540703751,J/(kg·K),0.0240734074943985,unspecified,measured,SRC-SS316-XLSX,Sheet1,T_K=T_C+273.15; SI=value×1000,alloy_material_dataset_v0.1.xlsx,Curve_Data,17,"{""SI_unit"": ""J/(kg·K)"", ""condition"": ""unspecified"", ""data_kind"": ""measured"", ""material_id"": ""MAT-SS316-XLSX"", ""property"": ""specific_heat"", ""source_id"": ""SRC-SS316-XLSX"", ""source_locator"": ""Sheet1"", ""temperature_K"": ""693.15"", ""transformation"": ""T_K=T_C+273.15; SI=value×1000"", ""uncertainty_raw"": ""0.0240734074943985"", ""value_SI"": ""535.737540703751""}"
MAT-SS316-XLSX,thermal_diffusivity,420,°C,693.15,4.492,mm²/s,4.492,mm²/s,0.14037069206174,unspecified,measured,SRC-SS316-XLSX,Sheet1,T_K=T_C+273.15; SI=value,alloy_material_dataset_v0.1.xlsx,Curve_Data,18,"{""SI_unit"": ""mm²/s"", ""condition"": ""unspecified"", ""data_kind"": ""measured"", ""material_id"": ""MAT-SS316-XLSX"", ""property"": ""thermal_diffusivity"", ""source_id"": ""SRC-SS316-XLSX"", ""source_locator"": ""Sheet1"", ""temperature_K"": ""693.15"", ""transformation"": ""T_K=T_C+273.15; SI=value"", ""uncertainty_raw"": ""0.14037069206174"", ""value_SI"": ""4.492""}"
MAT-SS316-XLSX,thermal_conductivity,460,°C,733.15,20.332719171001,W/(m·K),20.332719171001,W/(m·K),1.11782985492019,unspecified,measured,SRC-SS316-XLSX,Sheet1,T_K=T_C+273.15; SI=value,alloy_material_dataset_v0.1.xlsx,Curve_Data,19,"{""SI_unit"": ""W/(m·K)"", ""condition"": ""unspecified"", ""data_kind"": ""measured"", ""material_id"": ""MAT-SS316-XLSX"", ""property"": ""thermal_conductivity"", ""source_id"": ""SRC-SS316-XLSX"", ""source_locator"": ""Sheet1"", ""temperature_K"": ""733.15"", ""transformation"": ""T_K=T_C+273.15; SI=value"", ""uncertainty_raw"": ""1.11782985492019"", ""value_SI"": ""20.332719171001""}"
MAT-SS316-XLSX,specific_heat,460,°C,733.15,0.538194957403874,J/(g·K),538.194957403874,J/(kg·K),0.0251510631047864,unspecified,measured,SRC-SS316-XLSX,Sheet1,T_K=T_C+273.15; SI=value×1000,alloy_material_dataset_v0.1.xlsx,Curve_Data,20,"{""SI_unit"": ""J/(kg·K)"", ""condition"": ""unspecified"", ""data_kind"": ""measured"", ""material_id"": ""MAT-SS316-XLSX"", ""property"": ""specific_heat"", ""source_id"": ""SRC-SS316-XLSX"", ""source_locator"": ""Sheet1"", ""temperature_K"": ""733.15"", ""transformation"": ""T_K=T_C+273.15; SI=value×1000"", ""uncertainty_raw"": ""0.0251510631047864"", ""value_SI"": ""538.194957403874""}"
MAT-SS316-XLSX,thermal_diffusivity,460,°C,733.15,4.586,mm²/s,4.586,mm²/s,0.143549143887287,unspecified,measured,SRC-SS316-XLSX,Sheet1,T_K=T_C+273.15; SI=value,alloy_material_dataset_v0.1.xlsx,Curve_Data,21,"{""SI_unit"": ""mm²/s"", ""condition"": ""unspecified"", ""data_kind"": ""measured"", ""material_id"": ""MAT-SS316-XLSX"", ""property"": ""thermal_diffusivity"", ""source_id"": ""SRC-SS316-XLSX"", ""source_locator"": ""Sheet1"", ""temperature_K"": ""733.15"", ""transformation"": ""T_K=T_C+273.15; SI=value"", ""uncertainty_raw"": ""0.143549143887287"", ""value_SI"": ""4.586""}"
MAT-SS316-XLSX,thermal_conductivity,500,°C,773.15,20.7832737505958,W/(m·K),20.7832737505958,W/(m·K),1.18789355904766,unspecified,measured,SRC-SS316-XLSX,Sheet1,T_K=T_C+273.15; SI=value,alloy_material_dataset_v0.1.xlsx,Curve_Data,22,"{""SI_unit"": ""W/(m·K)"", ""condition"": ""unspecified"", ""data_kind"": ""measured"", ""material_id"": ""MAT-SS316-XLSX"", ""property"": ""thermal_conductivity"", ""source_id"": ""SRC-SS316-XLSX"", ""source_locator"": ""Sheet1"", ""temperature_K"": ""773.15"", ""transformation"": ""T_K=T_C+273.15; SI=value"", ""uncertainty_raw"": ""1.18789355904766"", ""value_SI"": ""20.7832737505958""}"
MAT-SS316-XLSX,specific_heat,500,°C,773.15,0.539647979315778,J/(g·K),539.647979315778,J/(kg·K),0.0269720435855207,unspecified,measured,SRC-SS316-XLSX,Sheet1,T_K=T_C+273.15; SI=value×1000,alloy_material_dataset_v0.1.xlsx,Curve_Data,23,"{""SI_unit"": ""J/(kg·K)"", ""condition"": ""unspecified"", ""data_kind"": ""measured"", ""material_id"": ""MAT-SS316-XLSX"", ""property"": ""specific_heat"", ""source_id"": ""SRC-SS316-XLSX"", ""source_locator"": ""Sheet1"", ""temperature_K"": ""773.15"", ""transformation"": ""T_K=T_C+273.15; SI=value×1000"", ""uncertainty_raw"": ""0.0269720435855207"", ""value_SI"": ""539.647979315778""}"
MAT-SS316-XLSX,thermal_diffusivity,500,°C,773.15,4.675,mm²/s,4.675,mm²/s,0.145079827648702,unspecified,measured,SRC-SS316-XLSX,Sheet1,T_K=T_C+273.15; SI=value,alloy_material_dataset_v0.1.xlsx,Curve_Data,24,"{""SI_unit"": ""mm²/s"", ""condition"": ""unspecified"", ""data_kind"": ""measured"", ""material_id"": ""MAT-SS316-XLSX"", ""property"": ""thermal_diffusivity"", ""source_id"": ""SRC-SS316-XLSX"", ""source_locator"": ""Sheet1"", ""temperature_K"": ""773.15"", ""transformation"": ""T_K=T_C+273.15; SI=value"", ""uncertainty_raw"": ""0.145079827648702"", ""value_SI"": ""4.675""}"
MAT-SS316-XLSX,thermal_conductivity,540,°C,813.15,21.1578688281408,W/(m·K),21.1578688281408,W/(m·K),1.26097451914981,unspecified,measured,SRC-SS316-XLSX,Sheet1,T_K=T_C+273.15; SI=value,alloy_material_dataset_v0.1.xlsx,Curve_Data,25,"{""SI_unit"": ""W/(m·K)"", ""condition"": ""unspecified"", ""data_kind"": ""measured"", ""material_id"": ""MAT-SS316-XLSX"", ""property"": ""thermal_conductivity"", ""source_id"": ""SRC-SS316-XLSX"", ""source_locator"": ""Sheet1"", ""temperature_K"": ""813.15"", ""transformation"": ""T_K=T_C+273.15; SI=value"", ""uncertainty_raw"": ""1.26097451914981"", ""value_SI"": ""21.1578688281408""}"
MAT-SS316-XLSX,specific_heat,540,°C,813.15,0.54016949826732,J/(g·K),540.16949826732,J/(kg·K),0.0288419686961037,unspecified,measured,SRC-SS316-XLSX,Sheet1,T_K=T_C+273.15; SI=value×1000,alloy_material_dataset_v0.1.xlsx,Curve_Data,26,"{""SI_unit"": ""J/(kg·K)"", ""condition"": ""unspecified"", ""data_kind"": ""measured"", ""material_id"": ""MAT-SS316-XLSX"", ""property"": ""specific_heat"", ""source_id"": ""SRC-SS316-XLSX"", ""source_locator"": ""Sheet1"", ""temperature_K"": ""813.15"", ""transformation"": ""T_K=T_C+273.15; SI=value×1000"", ""uncertainty_raw"": ""0.0288419686961037"", ""value_SI"": ""540.16949826732""}"
MAT-SS316-XLSX,thermal_diffusivity,540,°C,813.15,4.75466666666667,mm²/s,4.75466666666667,mm²/s,0.147493376006356,unspecified,measured,SRC-SS316-XLSX,Sheet1,T_K=T_C+273.15; SI=value,alloy_material_dataset_v0.1.xlsx,Curve_Data,27,"{""SI_unit"": ""mm²/s"", ""condition"": ""unspecified"", ""data_kind"": ""measured"", ""material_id"": ""MAT-SS316-XLSX"", ""property"": ""thermal_diffusivity"", ""source_id"": ""SRC-SS316-XLSX"", ""source_locator"": ""Sheet1"", ""temperature_K"": ""813.15"", ""transformation"": ""T_K=T_C+273.15; SI=value"", ""uncertainty_raw"": ""0.147493376006356"", ""value_SI"": ""4.75466666666667""}"
MAT-SS316-XLSX,thermal_conductivity,580,°C,853.15,21.7806228277188,W/(m·K),21.7806228277188,W/(m·K),1.42513100954097,unspecified,measured,SRC-SS316-XLSX,Sheet1,T_K=T_C+273.15; SI=value,alloy_material_dataset_v0.1.xlsx,Curve_Data,28,"{""SI_unit"": ""W/(m·K)"", ""condition"": ""unspecified"", ""data_kind"": ""measured"", ""material_id"": ""MAT-SS316-XLSX"", ""property"": ""thermal_conductivity"", ""source_id"": ""SRC-SS316-XLSX"", ""source_locator"": ""Sheet1"", ""temperature_K"": ""853.15"", ""transformation"": ""T_K=T_C+273.15; SI=value"", ""uncertainty_raw"": ""1.42513100954097"", ""value_SI"": ""21.7806228277188""}"
MAT-SS316-XLSX,specific_heat,580,°C,853.15,0.546641184940611,J/(g·K),546.641184940611,J/(kg·K),0.0336983303466306,unspecified,measured,SRC-SS316-XLSX,Sheet1,T_K=T_C+273.15; SI=value×1000,alloy_material_dataset_v0.1.xlsx,Curve_Data,29,"{""SI_unit"": ""J/(kg·K)"", ""condition"": ""unspecified"", ""data_kind"": ""measured"", ""material_id"": ""MAT-SS316-XLSX"", ""property"": ""specific_heat"", ""source_id"": ""SRC-SS316-XLSX"", ""source_locator"": ""Sheet1"", ""temperature_K"": ""853.15"", ""transformation"": ""T_K=T_C+273.15; SI=value×1000"", ""uncertainty_raw"": ""0.0336983303466306"", ""value_SI"": ""546.641184940611""}"
MAT-SS316-XLSX,thermal_diffusivity,580,°C,853.15,4.83666666666667,mm²/s,4.83666666666667,mm²/s,0.146622697363493,unspecified,measured,SRC-SS316-XLSX,Sheet1,T_K=T_C+273.15; SI=value,alloy_material_dataset_v0.1.xlsx,Curve_Data,30,"{""SI_unit"": ""mm²/s"", ""condition"": ""unspecified"", ""data_kind"": ""measured"", ""material_id"": ""MAT-SS316-XLSX"", ""property"": ""thermal_diffusivity"", ""source_id"": ""SRC-SS316-XLSX"", ""source_locator"": ""Sheet1"", ""temperature_K"": ""853.15"", ""transformation"": ""T_K=T_C+273.15; SI=value"", ""uncertainty_raw"": ""0.146622697363493"", ""value_SI"": ""4.83666666666667""}"
MAT-SS316-XLSX,thermal_conductivity,620,°C,893.15,22.496832015319,W/(m·K),22.496832015319,W/(m·K),1.52877253082946,unspecified,measured,SRC-SS316-XLSX,Sheet1,T_K=T_C+273.15; SI=value,alloy_material_dataset_v0.1.xlsx,Curve_Data,31,"{""SI_unit"": ""W/(m·K)"", ""condition"": ""unspecified"", ""data_kind"": ""measured"", ""material_id"": ""MAT-SS316-XLSX"", ""property"": ""thermal_conductivity"", ""source_id"": ""SRC-SS316-XLSX"", ""source_locator"": ""Sheet1"", ""temperature_K"": ""893.15"", ""transformation"": ""T_K=T_C+273.15; SI=value"", ""uncertainty_raw"": ""1.52877253082946"", ""value_SI"": ""22.496832015319""}"
MAT-SS316-XLSX,specific_heat,620,°C,893.15,0.555881576284043,J/(g·K),555.881576284043,J/(kg·K),0.0359957474633246,unspecified,measured,SRC-SS316-XLSX,Sheet1,T_K=T_C+273.15; SI=value×1000,alloy_material_dataset_v0.1.xlsx,Curve_Data,32,"{""SI_unit"": ""J/(kg·K)"", ""condition"": ""unspecified"", ""data_kind"": ""measured"", ""material_id"": ""MAT-SS316-XLSX"", ""property"": ""specific_heat"", ""source_id"": ""SRC-SS316-XLSX"", ""source_locator"": ""Sheet1"", ""temperature_K"": ""893.15"", ""transformation"": ""T_K=T_C+273.15; SI=value×1000"", ""uncertainty_raw"": ""0.0359957474633246"", ""value_SI"": ""555.881576284043""}"
MAT-SS316-XLSX,thermal_diffusivity,620,°C,893.15,4.91266666666667,mm²/s,4.91266666666667,mm²/s,0.152195936465618,unspecified,measured,SRC-SS316-XLSX,Sheet1,T_K=T_C+273.15; SI=value,alloy_material_dataset_v0.1.xlsx,Curve_Data,33,"{""SI_unit"": ""mm²/s"", ""condition"": ""unspecified"", ""data_kind"": ""measured"", ""material_id"": ""MAT-SS316-XLSX"", ""property"": ""thermal_diffusivity"", ""source_id"": ""SRC-SS316-XLSX"", ""source_locator"": ""Sheet1"", ""temperature_K"": ""893.15"", ""transformation"": ""T_K=T_C+273.15; SI=value"", ""uncertainty_raw"": ""0.152195936465618"", ""value_SI"": ""4.91266666666667""}"
MAT-SS316-XLSX,thermal_conductivity,660,°C,933.15,22.7864399747883,W/(m·K),22.7864399747883,W/(m·K),1.62966932108933,unspecified,measured,SRC-SS316-XLSX,Sheet1,T_K=T_C+273.15; SI=value,alloy_material_dataset_v0.1.xlsx,Curve_Data,34,"{""SI_unit"": ""W/(m·K)"", ""condition"": ""unspecified"", ""data_kind"": ""measured"", ""material_id"": ""MAT-SS316-XLSX"", ""property"": ""thermal_conductivity"", ""source_id"": ""SRC-SS316-XLSX"", ""source_locator"": ""Sheet1"", ""temperature_K"": ""933.15"", ""transformation"": ""T_K=T_C+273.15; SI=value"", ""uncertainty_raw"": ""1.62966932108933"", ""value_SI"": ""22.7864399747883""}"
MAT-SS316-XLSX,specific_heat,660,°C,933.15,0.552393027608751,J/(g·K),552.393027608751,J/(kg·K),0.0384569748755786,unspecified,measured,SRC-SS316-XLSX,Sheet1,T_K=T_C+273.15; SI=value×1000,alloy_material_dataset_v0.1.xlsx,Curve_Data,35,"{""SI_unit"": ""J/(kg·K)"", ""condition"": ""unspecified"", ""data_kind"": ""measured"", ""material_id"": ""MAT-SS316-XLSX"", ""property"": ""specific_heat"", ""source_id"": ""SRC-SS316-XLSX"", ""source_locator"": ""Sheet1"", ""temperature_K"": ""933.15"", ""transformation"": ""T_K=T_C+273.15; SI=value×1000"", ""uncertainty_raw"": ""0.0384569748755786"", ""value_SI"": ""552.393027608751""}"
MAT-SS316-XLSX,thermal_diffusivity,660,°C,933.15,5.00733333333333,mm²/s,5.00733333333333,mm²/s,0.15203808568543,unspecified,measured,SRC-SS316-XLSX,Sheet1,T_K=T_C+273.15; SI=value,alloy_material_dataset_v0.1.xlsx,Curve_Data,36,"{""SI_unit"": ""mm²/s"", ""condition"": ""unspecified"", ""data_kind"": ""measured"", ""material_id"": ""MAT-SS316-XLSX"", ""property"": ""thermal_diffusivity"", ""source_id"": ""SRC-SS316-XLSX"", ""source_locator"": ""Sheet1"", ""temperature_K"": ""933.15"", ""transformation"": ""T_K=T_C+273.15; SI=value"", ""uncertainty_raw"": ""0.15203808568543"", ""value_SI"": ""5.00733333333333""}"
MAT-SS316-XLSX,thermal_conductivity,700,°C,973.15,22.9749400634085,W/(m·K),22.9749400634085,W/(m·K),1.83403586357404,unspecified,measured,SRC-SS316-XLSX,Sheet1,T_K=T_C+273.15; SI=value,alloy_material_dataset_v0.1.xlsx,Curve_Data,37,"{""SI_unit"": ""W/(m·K)"", ""condition"": ""unspecified"", ""data_kind"": ""measured"", ""material_id"": ""MAT-SS316-XLSX"", ""property"": ""thermal_conductivity"", ""source_id"": ""SRC-SS316-XLSX"", ""source_locator"": ""Sheet1"", ""temperature_K"": ""973.15"", ""transformation"": ""T_K=T_C+273.15; SI=value"", ""uncertainty_raw"": ""1.83403586357404"", ""value_SI"": ""22.9749400634085""}"
MAT-SS316-XLSX,specific_heat,700,°C,973.15,0.547594305600429,J/(g·K),547.594305600429,J/(kg·K),0.0439877003064507,unspecified,measured,SRC-SS316-XLSX,Sheet1,T_K=T_C+273.15; SI=value×1000,alloy_material_dataset_v0.1.xlsx,Curve_Data,38,"{""SI_unit"": ""J/(kg·K)"", ""condition"": ""unspecified"", ""data_kind"": ""measured"", ""material_id"": ""MAT-SS316-XLSX"", ""property"": ""specific_heat"", ""source_id"": ""SRC-SS316-XLSX"", ""source_locator"": ""Sheet1"", ""temperature_K"": ""973.15"", ""transformation"": ""T_K=T_C+273.15; SI=value×1000"", ""uncertainty_raw"": ""0.0439877003064507"", ""value_SI"": ""547.594305600429""}"
MAT-SS316-XLSX,thermal_diffusivity,700,°C,973.15,5.093,mm²/s,5.093,mm²/s,0.150286109542172,unspecified,measured,SRC-SS316-XLSX,Sheet1,T_K=T_C+273.15; SI=value,alloy_material_dataset_v0.1.xlsx,Curve_Data,39,"{""SI_unit"": ""mm²/s"", ""condition"": ""unspecified"", ""data_kind"": ""measured"", ""material_id"": ""MAT-SS316-XLSX"", ""property"": ""thermal_diffusivity"", ""source_id"": ""SRC-SS316-XLSX"", ""source_locator"": ""Sheet1"", ""temperature_K"": ""973.15"", ""transformation"": ""T_K=T_C+273.15; SI=value"", ""uncertainty_raw"": ""0.150286109542172"", ""value_SI"": ""5.093""}"
MAT-SS316-XLSX,thermal_conductivity,740,°C,1013.15,22.8746577879501,W/(m·K),22.8746577879501,W/(m·K),2.01549606493422,unspecified,measured,SRC-SS316-XLSX,Sheet1,T_K=T_C+273.15; SI=value,alloy_material_dataset_v0.1.xlsx,Curve_Data,40,"{""SI_unit"": ""W/(m·K)"", ""condition"": ""unspecified"", ""data_kind"": ""measured"", ""material_id"": ""MAT-SS316-XLSX"", ""property"": ""thermal_conductivity"", ""source_id"": ""SRC-SS316-XLSX"", ""source_locator"": ""Sheet1"", ""temperature_K"": ""1013.15"", ""transformation"": ""T_K=T_C+273.15; SI=value"", ""uncertainty_raw"": ""2.01549606493422"", ""value_SI"": ""22.8746577879501""}"
MAT-SS316-XLSX,specific_heat,740,°C,1013.15,0.541764697850884,J/(g·K),541.764697850884,J/(kg·K),0.0489868736622939,unspecified,measured,SRC-SS316-XLSX,Sheet1,T_K=T_C+273.15; SI=value×1000,alloy_material_dataset_v0.1.xlsx,Curve_Data,41,"{""SI_unit"": ""J/(kg·K)"", ""condition"": ""unspecified"", ""data_kind"": ""measured"", ""material_id"": ""MAT-SS316-XLSX"", ""property"": ""specific_heat"", ""source_id"": ""SRC-SS316-XLSX"", ""source_locator"": ""Sheet1"", ""temperature_K"": ""1013.15"", ""transformation"": ""T_K=T_C+273.15; SI=value×1000"", ""uncertainty_raw"": ""0.0489868736622939"", ""value_SI"": ""541.764697850884""}"
MAT-SS316-XLSX,thermal_diffusivity,740,°C,1013.15,5.12533333333333,mm²/s,5.12533333333333,mm²/s,0.157996891843524,unspecified,measured,SRC-SS316-XLSX,Sheet1,T_K=T_C+273.15; SI=value,alloy_material_dataset_v0.1.xlsx,Curve_Data,42,"{""SI_unit"": ""mm²/s"", ""condition"": ""unspecified"", ""data_kind"": ""measured"", ""material_id"": ""MAT-SS316-XLSX"", ""property"": ""thermal_diffusivity"", ""source_id"": ""SRC-SS316-XLSX"", ""source_locator"": ""Sheet1"", ""temperature_K"": ""1013.15"", ""transformation"": ""T_K=T_C+273.15; SI=value"", ""uncertainty_raw"": ""0.157996891843524"", ""value_SI"": ""5.12533333333333""}"
MAT-SS316-XLSX,thermal_conductivity,780,°C,1053.15,22.9039118486325,W/(m·K),22.9039118486325,W/(m·K),2.28562953539815,unspecified,measured,SRC-SS316-XLSX,Sheet1,T_K=T_C+273.15; SI=value,alloy_material_dataset_v0.1.xlsx,Curve_Data,43,"{""SI_unit"": ""W/(m·K)"", ""condition"": ""unspecified"", ""data_kind"": ""measured"", ""material_id"": ""MAT-SS316-XLSX"", ""property"": ""thermal_conductivity"", ""source_id"": ""SRC-SS316-XLSX"", ""source_locator"": ""Sheet1"", ""temperature_K"": ""1053.15"", ""transformation"": ""T_K=T_C+273.15; SI=value"", ""uncertainty_raw"": ""2.28562953539815"", ""value_SI"": ""22.9039118486325""}"
MAT-SS316-XLSX,specific_heat,780,°C,1053.15,0.5355266343605,J/(g·K),535.5266343605,J/(kg·K),0.0558628640644798,unspecified,measured,SRC-SS316-XLSX,Sheet1,T_K=T_C+273.15; SI=value×1000,alloy_material_dataset_v0.1.xlsx,Curve_Data,44,"{""SI_unit"": ""J/(kg·K)"", ""condition"": ""unspecified"", ""data_kind"": ""measured"", ""material_id"": ""MAT-SS316-XLSX"", ""property"": ""specific_heat"", ""source_id"": ""SRC-SS316-XLSX"", ""source_locator"": ""Sheet1"", ""temperature_K"": ""1053.15"", ""transformation"": ""T_K=T_C+273.15; SI=value×1000"", ""uncertainty_raw"": ""0.0558628640644798"", ""value_SI"": ""535.5266343605""}"
MAT-SS316-XLSX,thermal_diffusivity,780,°C,1053.15,5.19166666666667,mm²/s,5.19166666666667,mm²/s,0.154798632580332,unspecified,measured,SRC-SS316-XLSX,Sheet1,T_K=T_C+273.15; SI=value,alloy_material_dataset_v0.1.xlsx,Curve_Data,45,"{""SI_unit"": ""mm²/s"", ""condition"": ""unspecified"", ""data_kind"": ""measured"", ""material_id"": ""MAT-SS316-XLSX"", ""property"": ""thermal_diffusivity"", ""source_id"": ""SRC-SS316-XLSX"", ""source_locator"": ""Sheet1"", ""temperature_K"": ""1053.15"", ""transformation"": ""T_K=T_C+273.15; SI=value"", ""uncertainty_raw"": ""0.154798632580332"", ""value_SI"": ""5.19166666666667""}"
MAT-SS316-XLSX,thermal_conductivity,820,°C,1093.15,23.1228002652675,W/(m·K),23.1228002652675,W/(m·K),2.67652036559707,unspecified,measured,SRC-SS316-XLSX,Sheet1,T_K=T_C+273.15; SI=value,alloy_material_dataset_v0.1.xlsx,Curve_Data,46,"{""SI_unit"": ""W/(m·K)"", ""condition"": ""unspecified"", ""data_kind"": ""measured"", ""material_id"": ""MAT-SS316-XLSX"", ""property"": ""thermal_conductivity"", ""source_id"": ""SRC-SS316-XLSX"", ""source_locator"": ""Sheet1"", ""temperature_K"": ""1093.15"", ""transformation"": ""T_K=T_C+273.15; SI=value"", ""uncertainty_raw"": ""2.67652036559707"", ""value_SI"": ""23.1228002652675""}"
MAT-SS316-XLSX,specific_heat,820,°C,1093.15,0.534977068765552,J/(g·K),534.977068765552,J/(kg·K),0.0658790173455149,unspecified,measured,SRC-SS316-XLSX,Sheet1,T_K=T_C+273.15; SI=value×1000,alloy_material_dataset_v0.1.xlsx,Curve_Data,47,"{""SI_unit"": ""J/(kg·K)"", ""condition"": ""unspecified"", ""data_kind"": ""measured"", ""material_id"": ""MAT-SS316-XLSX"", ""property"": ""specific_heat"", ""source_id"": ""SRC-SS316-XLSX"", ""source_locator"": ""Sheet1"", ""temperature_K"": ""1093.15"", ""transformation"": ""T_K=T_C+273.15; SI=value×1000"", ""uncertainty_raw"": ""0.0658790173455149"", ""value_SI"": ""534.977068765552""}"
MAT-SS316-XLSX,thermal_diffusivity,820,°C,1093.15,5.24666666666667,mm²/s,5.24666666666667,mm²/s,0.167351485230859,unspecified,measured,SRC-SS316-XLSX,Sheet1,T_K=T_C+273.15; SI=value,alloy_material_dataset_v0.1.xlsx,Curve_Data,48,"{""SI_unit"": ""mm²/s"", ""condition"": ""unspecified"", ""data_kind"": ""measured"", ""material_id"": ""MAT-SS316-XLSX"", ""property"": ""thermal_diffusivity"", ""source_id"": ""SRC-SS316-XLSX"", ""source_locator"": ""Sheet1"", ""temperature_K"": ""1093.15"", ""transformation"": ""T_K=T_C+273.15; SI=value"", ""uncertainty_raw"": ""0.167351485230859"", ""value_SI"": ""5.24666666666667""}"
MAT-316L-SRM1155A,specific_heat,473,K,473,0.528,kJ/(kg·K),528,J/(kg·K),0.011,solid,measured,SRC-316L-PICHLER,Table 7,T_K=T; SI=value×1000,alloy_material_dataset_v0.1.xlsx,Curve_Data,49,"{""SI_unit"": ""J/(kg·K)"", ""condition"": ""solid"", ""data_kind"": ""measured"", ""material_id"": ""MAT-316L-SRM1155A"", ""property"": ""specific_heat"", ""source_id"": ""SRC-316L-PICHLER"", ""source_locator"": ""Table 7"", ""temperature_K"": ""473"", ""transformation"": ""T_K=T; SI=value×1000"", ""uncertainty_raw"": ""0.011"", ""value_SI"": ""528""}"
MAT-316L-SRM1155A,specific_heat,493,K,493,0.529,kJ/(kg·K),529,J/(kg·K),0.009,solid,measured,SRC-316L-PICHLER,Table 7,T_K=T; SI=value×1000,alloy_material_dataset_v0.1.xlsx,Curve_Data,50,"{""SI_unit"": ""J/(kg·K)"", ""condition"": ""solid"", ""data_kind"": ""measured"", ""material_id"": ""MAT-316L-SRM1155A"", ""property"": ""specific_heat"", ""source_id"": ""SRC-316L-PICHLER"", ""source_locator"": ""Table 7"", ""temperature_K"": ""493"", ""transformation"": ""T_K=T; SI=value×1000"", ""uncertainty_raw"": ""0.009"", ""value_SI"": ""529""}"
MAT-316L-SRM1155A,specific_heat,513,K,513,0.53,kJ/(kg·K),530,J/(kg·K),0.007,solid,measured,SRC-316L-PICHLER,Table 7,T_K=T; SI=value×1000,alloy_material_dataset_v0.1.xlsx,Curve_Data,51,"{""SI_unit"": ""J/(kg·K)"", ""condition"": ""solid"", ""data_kind"": ""measured"", ""material_id"": ""MAT-316L-SRM1155A"", ""property"": ""specific_heat"", ""source_id"": ""SRC-316L-PICHLER"", ""source_locator"": ""Table 7"", ""temperature_K"": ""513"", ""transformation"": ""T_K=T; SI=value×1000"", ""uncertainty_raw"": ""0.007"", ""value_SI"": ""530""}"
MAT-316L-SRM1155A,specific_heat,533,K,533,0.532,kJ/(kg·K),532,J/(kg·K),0.006,solid,measured,SRC-316L-PICHLER,Table 7,T_K=T; SI=value×1000,alloy_material_dataset_v0.1.xlsx,Curve_Data,52,"{""SI_unit"": ""J/(kg·K)"", ""condition"": ""solid"", ""data_kind"": ""measured"", ""material_id"": ""MAT-316L-SRM1155A"", ""property"": ""specific_heat"", ""source_id"": ""SRC-316L-PICHLER"", ""source_locator"": ""Table 7"", ""temperature_K"": ""533"", ""transformation"": ""T_K=T; SI=value×1000"", ""uncertainty_raw"": ""0.006"", ""value_SI"": ""532""}"
MAT-316L-SRM1155A,specific_heat,553,K,553,0.534,kJ/(kg·K),534,J/(kg·K),0.005,solid,measured,SRC-316L-PICHLER,Table 7,T_K=T; SI=value×1000,alloy_material_dataset_v0.1.xlsx,Curve_Data,53,"{""SI_unit"": ""J/(kg·K)"", ""condition"": ""solid"", ""data_kind"": ""measured"", ""material_id"": ""MAT-316L-SRM1155A"", ""property"": ""specific_heat"", ""source_id"": ""SRC-316L-PICHLER"", ""source_locator"": ""Table 7"", ""temperature_K"": ""553"", ""transformation"": ""T_K=T; SI=value×1000"", ""uncertainty_raw"": ""0.005"", ""value_SI"": ""534""}"
MAT-316L-SRM1155A,specific_heat,573,K,573,0.537,kJ/(kg·K),537,J/(kg·K),0.006,solid,measured,SRC-316L-PICHLER,Table 7,T_K=T; SI=value×1000,alloy_material_dataset_v0.1.xlsx,Curve_Data,54,"{""SI_unit"": ""J/(kg·K)"", ""condition"": ""solid"", ""data_kind"": ""measured"", ""material_id"": ""MAT-316L-SRM1155A"", ""property"": ""specific_heat"", ""source_id"": ""SRC-316L-PICHLER"", ""source_locator"": ""Table 7"", ""temperature_K"": ""573"", ""transformation"": ""T_K=T; SI=value×1000"", ""uncertainty_raw"": ""0.006"", ""value_SI"": ""537""}"
MAT-316L-SRM1155A,specific_heat,593,K,593,0.541,kJ/(kg·K),541,J/(kg·K),0.006,solid,measured,SRC-316L-PICHLER,Table 7,T_K=T; SI=value×1000,alloy_material_dataset_v0.1.xlsx,Curve_Data,55,"{""SI_unit"": ""J/(kg·K)"", ""condition"": ""solid"", ""data_kind"": ""measured"", ""material_id"": ""MAT-316L-SRM1155A"", ""property"": ""specific_heat"", ""source_id"": ""SRC-316L-PICHLER"", ""source_locator"": ""Table 7"", ""temperature_K"": ""593"", ""transformation"": ""T_K=T; SI=value×1000"", ""uncertainty_raw"": ""0.006"", ""value_SI"": ""541""}"
MAT-316L-SRM1155A,specific_heat,613,K,613,0.544,kJ/(kg·K),544,J/(kg·K),0.006,solid,measured,SRC-316L-PICHLER,Table 7,T_K=T; SI=value×1000,alloy_material_dataset_v0.1.xlsx,Curve_Data,56,"{""SI_unit"": ""J/(kg·K)"", ""condition"": ""solid"", ""data_kind"": ""measured"", ""material_id"": ""MAT-316L-SRM1155A"", ""property"": ""specific_heat"", ""source_id"": ""SRC-316L-PICHLER"", ""source_locator"": ""Table 7"", ""temperature_K"": ""613"", ""transformation"": ""T_K=T; SI=value×1000"", ""uncertainty_raw"": ""0.006"", ""value_SI"": ""544""}"
MAT-316L-SRM1155A,specific_heat,633,K,633,0.547,kJ/(kg·K),547,J/(kg·K),0.006,solid,measured,SRC-316L-PICHLER,Table 7,T_K=T; SI=value×1000,alloy_material_dataset_v0.1.xlsx,Curve_Data,57,"{""SI_unit"": ""J/(kg·K)"", ""condition"": ""solid"", ""data_kind"": ""measured"", ""material_id"": ""MAT-316L-SRM1155A"", ""property"": ""specific_heat"", ""source_id"": ""SRC-316L-PICHLER"", ""source_locator"": ""Table 7"", ""temperature_K"": ""633"", ""transformation"": ""T_K=T; SI=value×1000"", ""uncertainty_raw"": ""0.006"", ""value_SI"": ""547""}"
MAT-316L-SRM1155A,specific_heat,653,K,653,0.55,kJ/(kg·K),550,J/(kg·K),0.006,solid,measured,SRC-316L-PICHLER,Table 7,T_K=T; SI=value×1000,alloy_material_dataset_v0.1.xlsx,Curve_Data,58,"{""SI_unit"": ""J/(kg·K)"", ""condition"": ""solid"", ""data_kind"": ""measured"", ""material_id"": ""MAT-316L-SRM1155A"", ""property"": ""specific_heat"", ""source_id"": ""SRC-316L-PICHLER"", ""source_locator"": ""Table 7"", ""temperature_K"": ""653"", ""transformation"": ""T_K=T; SI=value×1000"", ""uncertainty_raw"": ""0.006"", ""value_SI"": ""550""}"
MAT-316L-SRM1155A,specific_heat,673,K,673,0.553,kJ/(kg·K),553,J/(kg·K),0.006,solid,measured,SRC-316L-PICHLER,Table 7,T_K=T; SI=value×1000,alloy_material_dataset_v0.1.xlsx,Curve_Data,59,"{""SI_unit"": ""J/(kg·K)"", ""condition"": ""solid"", ""data_kind"": ""measured"", ""material_id"": ""MAT-316L-SRM1155A"", ""property"": ""specific_heat"", ""source_id"": ""SRC-316L-PICHLER"", ""source_locator"": ""Table 7"", ""temperature_K"": ""673"", ""transformation"": ""T_K=T; SI=value×1000"", ""uncertainty_raw"": ""0.006"", ""value_SI"": ""553""}"
MAT-316L-SRM1155A,specific_heat,693,K,693,0.556,kJ/(kg·K),556,J/(kg·K),0.005,solid,measured,SRC-316L-PICHLER,Table 7,T_K=T; SI=value×1000,alloy_material_dataset_v0.1.xlsx,Curve_Data,60,"{""SI_unit"": ""J/(kg·K)"", ""condition"": ""solid"", ""data_kind"": ""measured"", ""material_id"": ""MAT-316L-SRM1155A"", ""property"": ""specific_heat"", ""source_id"": ""SRC-316L-PICHLER"", ""source_locator"": ""Table 7"", ""temperature_K"": ""693"", ""transformation"": ""T_K=T; SI=value×1000"", ""uncertainty_raw"": ""0.005"", ""value_SI"": ""556""}"
MAT-316L-SRM1155A,specific_heat,713,K,713,0.559,kJ/(kg·K),559,J/(kg·K),0.005,solid,measured,SRC-316L-PICHLER,Table 7,T_K=T; SI=value×1000,alloy_material_dataset_v0.1.xlsx,Curve_Data,61,"{""SI_unit"": ""J/(kg·K)"", ""condition"": ""solid"", ""data_kind"": ""measured"", ""material_id"": ""MAT-316L-SRM1155A"", ""property"": ""specific_heat"", ""source_id"": ""SRC-316L-PICHLER"", ""source_locator"": ""Table 7"", ""temperature_K"": ""713"", ""transformation"": ""T_K=T; SI=value×1000"", ""uncertainty_raw"": ""0.005"", ""value_SI"": ""559""}"
MAT-316L-SRM1155A,specific_heat,733,K,733,0.561,kJ/(kg·K),561,J/(kg·K),0.005,solid,measured,SRC-316L-PICHLER,Table 7,T_K=T; SI=value×1000,alloy_material_dataset_v0.1.xlsx,Curve_Data,62,"{""SI_unit"": ""J/(kg·K)"", ""condition"": ""solid"", ""data_kind"": ""measured"", ""material_id"": ""MAT-316L-SRM1155A"", ""property"": ""specific_heat"", ""source_id"": ""SRC-316L-PICHLER"", ""source_locator"": ""Table 7"", ""temperature_K"": ""733"", ""transformation"": ""T_K=T; SI=value×1000"", ""uncertainty_raw"": ""0.005"", ""value_SI"": ""561""}"
MAT-316L-SRM1155A,specific_heat,753,K,753,0.564,kJ/(kg·K),564,J/(kg·K),0.005,solid,measured,SRC-316L-PICHLER,Table 7,T_K=T; SI=value×1000,alloy_material_dataset_v0.1.xlsx,Curve_Data,63,"{""SI_unit"": ""J/(kg·K)"", ""condition"": ""solid"", ""data_kind"": ""measured"", ""material_id"": ""MAT-316L-SRM1155A"", ""property"": ""specific_heat"", ""source_id"": ""SRC-316L-PICHLER"", ""source_locator"": ""Table 7"", ""temperature_K"": ""753"", ""transformation"": ""T_K=T; SI=value×1000"", ""uncertainty_raw"": ""0.005"", ""value_SI"": ""564""}"
MAT-316L-SRM1155A,specific_heat,773,K,773,0.566,kJ/(kg·K),566,J/(kg·K),0.005,solid,measured,SRC-316L-PICHLER,Table 7,T_K=T; SI=value×1000,alloy_material_dataset_v0.1.xlsx,Curve_Data,64,"{""SI_unit"": ""J/(kg·K)"", ""condition"": ""solid"", ""data_kind"": ""measured"", ""material_id"": ""MAT-316L-SRM1155A"", ""property"": ""specific_heat"", ""source_id"": ""SRC-316L-PICHLER"", ""source_locator"": ""Table 7"", ""temperature_K"": ""773"", ""transformation"": ""T_K=T; SI=value×1000"", ""uncertainty_raw"": ""0.005"", ""value_SI"": ""566""}"
MAT-316L-SRM1155A,specific_heat,793,K,793,0.569,kJ/(kg·K),569,J/(kg·K),0.006,solid,measured,SRC-316L-PICHLER,Table 7,T_K=T; SI=value×1000,alloy_material_dataset_v0.1.xlsx,Curve_Data,65,"{""SI_unit"": ""J/(kg·K)"", ""condition"": ""solid"", ""data_kind"": ""measured"", ""material_id"": ""MAT-316L-SRM1155A"", ""property"": ""specific_heat"", ""source_id"": ""SRC-316L-PICHLER"", ""source_locator"": ""Table 7"", ""temperature_K"": ""793"", ""transformation"": ""T_K=T; SI=value×1000"", ""uncertainty_raw"": ""0.006"", ""value_SI"": ""569""}"
MAT-316L-SRM1155A,specific_heat,813,K,813,0.572,kJ/(kg·K),572,J/(kg·K),0.006,solid,measured,SRC-316L-PICHLER,Table 7,T_K=T; SI=value×1000,alloy_material_dataset_v0.1.xlsx,Curve_Data,66,"{""SI_unit"": ""J/(kg·K)"", ""condition"": ""solid"", ""data_kind"": ""measured"", ""material_id"": ""MAT-316L-SRM1155A"", ""property"": ""specific_heat"", ""source_id"": ""SRC-316L-PICHLER"", ""source_locator"": ""Table 7"", ""temperature_K"": ""813"", ""transformation"": ""T_K=T; SI=value×1000"", ""uncertainty_raw"": ""0.006"", ""value_SI"": ""572""}"
MAT-316L-SRM1155A,specific_heat,833,K,833,0.578,kJ/(kg·K),578,J/(kg·K),0.007,solid,measured,SRC-316L-PICHLER,Table 7,T_K=T; SI=value×1000,alloy_material_dataset_v0.1.xlsx,Curve_Data,67,"{""SI_unit"": ""J/(kg·K)"", ""condition"": ""solid"", ""data_kind"": ""measured"", ""material_id"": ""MAT-316L-SRM1155A"", ""property"": ""specific_heat"", ""source_id"": ""SRC-316L-PICHLER"", ""source_locator"": ""Table 7"", ""temperature_K"": ""833"", ""transformation"": ""T_K=T; SI=value×1000"", ""uncertainty_raw"": ""0.007"", ""value_SI"": ""578""}"
MAT-316L-SRM1155A,specific_heat,853,K,853,0.587,kJ/(kg·K),587,J/(kg·K),0.006,solid,measured,SRC-316L-PICHLER,Table 7,T_K=T; SI=value×1000,alloy_material_dataset_v0.1.xlsx,Curve_Data,68,"{""SI_unit"": ""J/(kg·K)"", ""condition"": ""solid"", ""data_kind"": ""measured"", ""material_id"": ""MAT-316L-SRM1155A"", ""property"": ""specific_heat"", ""source_id"": ""SRC-316L-PICHLER"", ""source_locator"": ""Table 7"", ""temperature_K"": ""853"", ""transformation"": ""T_K=T; SI=value×1000"", ""uncertainty_raw"": ""0.006"", ""value_SI"": ""587""}"
MAT-316L-SRM1155A,specific_heat,873,K,873,0.595,kJ/(kg·K),595,J/(kg·K),0.005,solid,measured,SRC-316L-PICHLER,Table 7,T_K=T; SI=value×1000,alloy_material_dataset_v0.1.xlsx,Curve_Data,69,"{""SI_unit"": ""J/(kg·K)"", ""condition"": ""solid"", ""data_kind"": ""measured"", ""material_id"": ""MAT-316L-SRM1155A"", ""property"": ""specific_heat"", ""source_id"": ""SRC-316L-PICHLER"", ""source_locator"": ""Table 7"", ""temperature_K"": ""873"", ""transformation"": ""T_K=T; SI=value×1000"", ""uncertainty_raw"": ""0.005"", ""value_SI"": ""595""}"
MAT-316L-SRM1155A,specific_heat,893,K,893,0.598,kJ/(kg·K),598,J/(kg·K),0.005,solid,measured,SRC-316L-PICHLER,Table 7,T_K=T; SI=value×1000,alloy_material_dataset_v0.1.xlsx,Curve_Data,70,"{""SI_unit"": ""J/(kg·K)"", ""condition"": ""solid"", ""data_kind"": ""measured"", ""material_id"": ""MAT-316L-SRM1155A"", ""property"": ""specific_heat"", ""source_id"": ""SRC-316L-PICHLER"", ""source_locator"": ""Table 7"", ""temperature_K"": ""893"", ""transformation"": ""T_K=T; SI=value×1000"", ""uncertainty_raw"": ""0.005"", ""value_SI"": ""598""}"
MAT-316L-SRM1155A,specific_heat,913,K,913,0.599,kJ/(kg·K),599,J/(kg·K),0.005,solid,measured,SRC-316L-PICHLER,Table 7,T_K=T; SI=value×1000,alloy_material_dataset_v0.1.xlsx,Curve_Data,71,"{""SI_unit"": ""J/(kg·K)"", ""condition"": ""solid"", ""data_kind"": ""measured"", ""material_id"": ""MAT-316L-SRM1155A"", ""property"": ""specific_heat"", ""source_id"": ""SRC-316L-PICHLER"", ""source_locator"": ""Table 7"", ""temperature_K"": ""913"", ""transformation"": ""T_K=T; SI=value×1000"", ""uncertainty_raw"": ""0.005"", ""value_SI"": ""599""}"
MAT-316L-SRM1155A,specific_heat,933,K,933,0.6,kJ/(kg·K),600,J/(kg·K),0.005,solid,measured,SRC-316L-PICHLER,Table 7,T_K=T; SI=value×1000,alloy_material_dataset_v0.1.xlsx,Curve_Data,72,"{""SI_unit"": ""J/(kg·K)"", ""condition"": ""solid"", ""data_kind"": ""measured"", ""material_id"": ""MAT-316L-SRM1155A"", ""property"": ""specific_heat"", ""source_id"": ""SRC-316L-PICHLER"", ""source_locator"": ""Table 7"", ""temperature_K"": ""933"", ""transformation"": ""T_K=T; SI=value×1000"", ""uncertainty_raw"": ""0.005"", ""value_SI"": ""600""}"
MAT-316L-SRM1155A,specific_heat,953,K,953,0.601,kJ/(kg·K),601,J/(kg·K),0.004,solid,measured,SRC-316L-PICHLER,Table 7,T_K=T; SI=value×1000,alloy_material_dataset_v0.1.xlsx,Curve_Data,73,"{""SI_unit"": ""J/(kg·K)"", ""condition"": ""solid"", ""data_kind"": ""measured"", ""material_id"": ""MAT-316L-SRM1155A"", ""property"": ""specific_heat"", ""source_id"": ""SRC-316L-PICHLER"", ""source_locator"": ""Table 7"", ""temperature_K"": ""953"", ""transformation"": ""T_K=T; SI=value×1000"", ""uncertainty_raw"": ""0.004"", ""value_SI"": ""601""}"
MAT-316L-SRM1155A,specific_heat,973,K,973,0.603,kJ/(kg·K),603,J/(kg·K),0.004,solid,measured,SRC-316L-PICHLER,Table 7,T_K=T; SI=value×1000,alloy_material_dataset_v0.1.xlsx,Curve_Data,74,"{""SI_unit"": ""J/(kg·K)"", ""condition"": ""solid"", ""data_kind"": ""measured"", ""material_id"": ""MAT-316L-SRM1155A"", ""property"": ""specific_heat"", ""source_id"": ""SRC-316L-PICHLER"", ""source_locator"": ""Table 7"", ""temperature_K"": ""973"", ""transformation"": ""T_K=T; SI=value×1000"", ""uncertainty_raw"": ""0.004"", ""value_SI"": ""603""}"
MAT-316L-SRM1155A,specific_heat,993,K,993,0.605,kJ/(kg·K),605,J/(kg·K),0.005,solid,measured,SRC-316L-PICHLER,Table 7,T_K=T; SI=value×1000,alloy_material_dataset_v0.1.xlsx,Curve_Data,75,"{""SI_unit"": ""J/(kg·K)"", ""condition"": ""solid"", ""data_kind"": ""measured"", ""material_id"": ""MAT-316L-SRM1155A"", ""property"": ""specific_heat"", ""source_id"": ""SRC-316L-PICHLER"", ""source_locator"": ""Table 7"", ""temperature_K"": ""993"", ""transformation"": ""T_K=T; SI=value×1000"", ""uncertainty_raw"": ""0.005"", ""value_SI"": ""605""}"
MAT-316L-SRM1155A,specific_heat,1013,K,1013,0.606,kJ/(kg·K),606,J/(kg·K),0.005,solid,measured,SRC-316L-PICHLER,Table 7,T_K=T; SI=value×1000,alloy_material_dataset_v0.1.xlsx,Curve_Data,76,"{""SI_unit"": ""J/(kg·K)"", ""condition"": ""solid"", ""data_kind"": ""measured"", ""material_id"": ""MAT-316L-SRM1155A"", ""property"": ""specific_heat"", ""source_id"": ""SRC-316L-PICHLER"", ""source_locator"": ""Table 7"", ""temperature_K"": ""1013"", ""transformation"": ""T_K=T; SI=value×1000"", ""uncertainty_raw"": ""0.005"", ""value_SI"": ""606""}"
MAT-316L-SRM1155A,specific_heat,1033,K,1033,0.608,kJ/(kg·K),608,J/(kg·K),0.005,solid,measured,SRC-316L-PICHLER,Table 7,T_K=T; SI=value×1000,alloy_material_dataset_v0.1.xlsx,Curve_Data,77,"{""SI_unit"": ""J/(kg·K)"", ""condition"": ""solid"", ""data_kind"": ""measured"", ""material_id"": ""MAT-316L-SRM1155A"", ""property"": ""specific_heat"", ""source_id"": ""SRC-316L-PICHLER"", ""source_locator"": ""Table 7"", ""temperature_K"": ""1033"", ""transformation"": ""T_K=T; SI=value×1000"", ""uncertainty_raw"": ""0.005"", ""value_SI"": ""608""}"
MAT-316L-SRM1155A,specific_heat,1053,K,1053,0.61,kJ/(kg·K),610,J/(kg·K),0.005,solid,measured,SRC-316L-PICHLER,Table 7,T_K=T; SI=value×1000,alloy_material_dataset_v0.1.xlsx,Curve_Data,78,"{""SI_unit"": ""J/(kg·K)"", ""condition"": ""solid"", ""data_kind"": ""measured"", ""material_id"": ""MAT-316L-SRM1155A"", ""property"": ""specific_heat"", ""source_id"": ""SRC-316L-PICHLER"", ""source_locator"": ""Table 7"", ""temperature_K"": ""1053"", ""transformation"": ""T_K=T; SI=value×1000"", ""uncertainty_raw"": ""0.005"", ""value_SI"": ""610""}"
MAT-316L-SRM1155A,specific_heat,1073,K,1073,0.611,kJ/(kg·K),611,J/(kg·K),0.005,solid,measured,SRC-316L-PICHLER,Table 7,T_K=T; SI=value×1000,alloy_material_dataset_v0.1.xlsx,Curve_Data,79,"{""SI_unit"": ""J/(kg·K)"", ""condition"": ""solid"", ""data_kind"": ""measured"", ""material_id"": ""MAT-316L-SRM1155A"", ""property"": ""specific_heat"", ""source_id"": ""SRC-316L-PICHLER"", ""source_locator"": ""Table 7"", ""temperature_K"": ""1073"", ""transformation"": ""T_K=T; SI=value×1000"", ""uncertainty_raw"": ""0.005"", ""value_SI"": ""611""}"
MAT-316L-SRM1155A,specific_heat,1093,K,1093,0.613,kJ/(kg·K),613,J/(kg·K),0.006,solid,measured,SRC-316L-PICHLER,Table 7,T_K=T; SI=value×1000,alloy_material_dataset_v0.1.xlsx,Curve_Data,80,"{""SI_unit"": ""J/(kg·K)"", ""condition"": ""solid"", ""data_kind"": ""measured"", ""material_id"": ""MAT-316L-SRM1155A"", ""property"": ""specific_heat"", ""source_id"": ""SRC-316L-PICHLER"", ""source_locator"": ""Table 7"", ""temperature_K"": ""1093"", ""transformation"": ""T_K=T; SI=value×1000"", ""uncertainty_raw"": ""0.006"", ""value_SI"": ""613""}"
MAT-316L-SRM1155A,specific_heat,1113,K,1113,0.614,kJ/(kg·K),614,J/(kg·K),0.006,solid,measured,SRC-316L-PICHLER,Table 7,T_K=T; SI=value×1000,alloy_material_dataset_v0.1.xlsx,Curve_Data,81,"{""SI_unit"": ""J/(kg·K)"", ""condition"": ""solid"", ""data_kind"": ""measured"", ""material_id"": ""MAT-316L-SRM1155A"", ""property"": ""specific_heat"", ""source_id"": ""SRC-316L-PICHLER"", ""source_locator"": ""Table 7"", ""temperature_K"": ""1113"", ""transformation"": ""T_K=T; SI=value×1000"", ""uncertainty_raw"": ""0.006"", ""value_SI"": ""614""}"
MAT-316L-SRM1155A,specific_heat,1133,K,1133,0.615,kJ/(kg·K),615,J/(kg·K),0.006,solid,measured,SRC-316L-PICHLER,Table 7,T_K=T; SI=value×1000,alloy_material_dataset_v0.1.xlsx,Curve_Data,82,"{""SI_unit"": ""J/(kg·K)"", ""condition"": ""solid"", ""data_kind"": ""measured"", ""material_id"": ""MAT-316L-SRM1155A"", ""property"": ""specific_heat"", ""source_id"": ""SRC-316L-PICHLER"", ""source_locator"": ""Table 7"", ""temperature_K"": ""1133"", ""transformation"": ""T_K=T; SI=value×1000"", ""uncertainty_raw"": ""0.006"", ""value_SI"": ""615""}"
MAT-316L-SRM1155A,specific_heat,1153,K,1153,0.617,kJ/(kg·K),617,J/(kg·K),0.008,solid,measured,SRC-316L-PICHLER,Table 7,T_K=T; SI=value×1000,alloy_material_dataset_v0.1.xlsx,Curve_Data,83,"{""SI_unit"": ""J/(kg·K)"", ""condition"": ""solid"", ""data_kind"": ""measured"", ""material_id"": ""MAT-316L-SRM1155A"", ""property"": ""specific_heat"", ""source_id"": ""SRC-316L-PICHLER"", ""source_locator"": ""Table 7"", ""temperature_K"": ""1153"", ""transformation"": ""T_K=T; SI=value×1000"", ""uncertainty_raw"": ""0.008"", ""value_SI"": ""617""}"
MAT-316L-SRM1155A,specific_heat,1173,K,1173,0.619,kJ/(kg·K),619,J/(kg·K),0.009,solid,measured,SRC-316L-PICHLER,Table 7,T_K=T; SI=value×1000,alloy_material_dataset_v0.1.xlsx,Curve_Data,84,"{""SI_unit"": ""J/(kg·K)"", ""condition"": ""solid"", ""data_kind"": ""measured"", ""material_id"": ""MAT-316L-SRM1155A"", ""property"": ""specific_heat"", ""source_id"": ""SRC-316L-PICHLER"", ""source_locator"": ""Table 7"", ""temperature_K"": ""1173"", ""transformation"": ""T_K=T; SI=value×1000"", ""uncertainty_raw"": ""0.009"", ""value_SI"": ""619""}"
MAT-316L-SRM1155A,specific_heat,1193,K,1193,0.62,kJ/(kg·K),620,J/(kg·K),0.01,solid,measured,SRC-316L-PICHLER,Table 7,T_K=T; SI=value×1000,alloy_material_dataset_v0.1.xlsx,Curve_Data,85,"{""SI_unit"": ""J/(kg·K)"", ""condition"": ""solid"", ""data_kind"": ""measured"", ""material_id"": ""MAT-316L-SRM1155A"", ""property"": ""specific_heat"", ""source_id"": ""SRC-316L-PICHLER"", ""source_locator"": ""Table 7"", ""temperature_K"": ""1193"", ""transformation"": ""T_K=T; SI=value×1000"", ""uncertainty_raw"": ""0.01"", ""value_SI"": ""620""}"
MAT-316L-SRM1155A,specific_heat,1213,K,1213,0.621,kJ/(kg·K),621,J/(kg·K),0.012,solid,measured,SRC-316L-PICHLER,Table 7,T_K=T; SI=value×1000,alloy_material_dataset_v0.1.xlsx,Curve_Data,86,"{""SI_unit"": ""J/(kg·K)"", ""condition"": ""solid"", ""data_kind"": ""measured"", ""material_id"": ""MAT-316L-SRM1155A"", ""property"": ""specific_heat"", ""source_id"": ""SRC-316L-PICHLER"", ""source_locator"": ""Table 7"", ""temperature_K"": ""1213"", ""transformation"": ""T_K=T; SI=value×1000"", ""uncertainty_raw"": ""0.012"", ""value_SI"": ""621""}"
MAT-316L-SRM1155A,specific_heat,1233,K,1233,0.622,kJ/(kg·K),622,J/(kg·K),0.013,solid,measured,SRC-316L-PICHLER,Table 7,T_K=T; SI=value×1000,alloy_material_dataset_v0.1.xlsx,Curve_Data,87,"{""SI_unit"": ""J/(kg·K)"", ""condition"": ""solid"", ""data_kind"": ""measured"", ""material_id"": ""MAT-316L-SRM1155A"", ""property"": ""specific_heat"", ""source_id"": ""SRC-316L-PICHLER"", ""source_locator"": ""Table 7"", ""temperature_K"": ""1233"", ""transformation"": ""T_K=T; SI=value×1000"", ""uncertainty_raw"": ""0.013"", ""value_SI"": ""622""}"
MAT-316L-SRM1155A,specific_heat,1253,K,1253,0.624,kJ/(kg·K),624,J/(kg·K),0.015,solid,measured,SRC-316L-PICHLER,Table 7,T_K=T; SI=value×1000,alloy_material_dataset_v0.1.xlsx,Curve_Data,88,"{""SI_unit"": ""J/(kg·K)"", ""condition"": ""solid"", ""data_kind"": ""measured"", ""material_id"": ""MAT-316L-SRM1155A"", ""property"": ""specific_heat"", ""source_id"": ""SRC-316L-PICHLER"", ""source_locator"": ""Table 7"", ""temperature_K"": ""1253"", ""transformation"": ""T_K=T; SI=value×1000"", ""uncertainty_raw"": ""0.015"", ""value_SI"": ""624""}"
MAT-316L-SRM1155A,specific_enthalpy,500,K,500,109,kJ/kg,109,kJ/kg,,solid,fit_table,SRC-316L-PICHLER,Table 6,T_K=T; SI=value,alloy_material_dataset_v0.1.xlsx,Curve_Data,89,"{""SI_unit"": ""kJ/kg"", ""condition"": ""solid"", ""data_kind"": ""fit_table"", ""material_id"": ""MAT-316L-SRM1155A"", ""property"": ""specific_enthalpy"", ""source_id"": ""SRC-316L-PICHLER"", ""source_locator"": ""Table 6"", ""temperature_K"": ""500"", ""transformation"": ""T_K=T; SI=value"", ""uncertainty_raw"": """", ""value_SI"": ""109""}"
MAT-316L-SRM1155A,electrical_resistivity_IG,500,K,500,0.954,μΩ·m,0.954,μΩ·m,,solid,fit_table,SRC-316L-PICHLER,Table 6,T_K=T; SI=value,alloy_material_dataset_v0.1.xlsx,Curve_Data,90,"{""SI_unit"": ""μΩ·m"", ""condition"": ""solid"", ""data_kind"": ""fit_table"", ""material_id"": ""MAT-316L-SRM1155A"", ""property"": ""electrical_resistivity_IG"", ""source_id"": ""SRC-316L-PICHLER"", ""source_locator"": ""Table 6"", ""temperature_K"": ""500"", ""transformation"": ""T_K=T; SI=value"", ""uncertainty_raw"": """", ""value_SI"": ""0.954""}"
MAT-316L-SRM1155A,electrical_resistivity_corrected,500,K,500,0.97,μΩ·m,0.97,μΩ·m,,solid,fit_table,SRC-316L-PICHLER,Table 6,T_K=T; SI=value,alloy_material_dataset_v0.1.xlsx,Curve_Data,91,"{""SI_unit"": ""μΩ·m"", ""condition"": ""solid"", ""data_kind"": ""fit_table"", ""material_id"": ""MAT-316L-SRM1155A"", ""property"": ""electrical_resistivity_corrected"", ""source_id"": ""SRC-316L-PICHLER"", ""source_locator"": ""Table 6"", ""temperature_K"": ""500"", ""transformation"": ""T_K=T; SI=value"", ""uncertainty_raw"": """", ""value_SI"": ""0.97""}"
MAT-316L-SRM1155A,density,500,K,500,7770,kg/m³,7770,kg/m³,,solid,fit_table,SRC-316L-PICHLER,Table 6,T_K=T; SI=value,alloy_material_dataset_v0.1.xlsx,Curve_Data,92,"{""SI_unit"": ""kg/m³"", ""condition"": ""solid"", ""data_kind"": ""fit_table"", ""material_id"": ""MAT-316L-SRM1155A"", ""property"": ""density"", ""source_id"": ""SRC-316L-PICHLER"", ""source_locator"": ""Table 6"", ""temperature_K"": ""500"", ""transformation"": ""T_K=T; SI=value"", ""uncertainty_raw"": """", ""value_SI"": ""7770""}"
MAT-316L-SRM1155A,specific_enthalpy,600,K,600,163,kJ/kg,163,kJ/kg,,solid,fit_table,SRC-316L-PICHLER,Table 6,T_K=T; SI=value,alloy_material_dataset_v0.1.xlsx,Curve_Data,93,"{""SI_unit"": ""kJ/kg"", ""condition"": ""solid"", ""data_kind"": ""fit_table"", ""material_id"": ""MAT-316L-SRM1155A"", ""property"": ""specific_enthalpy"", ""source_id"": ""SRC-316L-PICHLER"", ""source_locator"": ""Table 6"", ""temperature_K"": ""600"", ""transformation"": ""T_K=T; SI=value"", ""uncertainty_raw"": """", ""value_SI"": ""163""}"
MAT-316L-SRM1155A,electrical_resistivity_IG,600,K,600,1.007,μΩ·m,1.007,μΩ·m,,solid,fit_table,SRC-316L-PICHLER,Table 6,T_K=T; SI=value,alloy_material_dataset_v0.1.xlsx,Curve_Data,94,"{""SI_unit"": ""μΩ·m"", ""condition"": ""solid"", ""data_kind"": ""fit_table"", ""material_id"": ""MAT-316L-SRM1155A"", ""property"": ""electrical_resistivity_IG"", ""source_id"": ""SRC-316L-PICHLER"", ""source_locator"": ""Table 6"", ""temperature_K"": ""600"", ""transformation"": ""T_K=T; SI=value"", ""uncertainty_raw"": """", ""value_SI"": ""1.007""}"
MAT-316L-SRM1155A,electrical_resistivity_corrected,600,K,600,1.033,μΩ·m,1.033,μΩ·m,,solid,fit_table,SRC-316L-PICHLER,Table 6,T_K=T; SI=value,alloy_material_dataset_v0.1.xlsx,Curve_Data,95,"{""SI_unit"": ""μΩ·m"", ""condition"": ""solid"", ""data_kind"": ""fit_table"", ""material_id"": ""MAT-316L-SRM1155A"", ""property"": ""electrical_resistivity_corrected"", ""source_id"": ""SRC-316L-PICHLER"", ""source_locator"": ""Table 6"", ""temperature_K"": ""600"", ""transformation"": ""T_K=T; SI=value"", ""uncertainty_raw"": """", ""value_SI"": ""1.033""}"
MAT-316L-SRM1155A,density,600,K,600,7714,kg/m³,7714,kg/m³,,solid,fit_table,SRC-316L-PICHLER,Table 6,T_K=T; SI=value,alloy_material_dataset_v0.1.xlsx,Curve_Data,96,"{""SI_unit"": ""kg/m³"", ""condition"": ""solid"", ""data_kind"": ""fit_table"", ""material_id"": ""MAT-316L-SRM1155A"", ""property"": ""density"", ""source_id"": ""SRC-316L-PICHLER"", ""source_locator"": ""Table 6"", ""temperature_K"": ""600"", ""transformation"": ""T_K=T; SI=value"", ""uncertainty_raw"": """", ""value_SI"": ""7714""}"
MAT-316L-SRM1155A,specific_enthalpy,700,K,700,218,kJ/kg,218,kJ/kg,,solid,fit_table,SRC-316L-PICHLER,Table 6,T_K=T; SI=value,alloy_material_dataset_v0.1.xlsx,Curve_Data,97,"{""SI_unit"": ""kJ/kg"", ""condition"": ""solid"", ""data_kind"": ""fit_table"", ""material_id"": ""MAT-316L-SRM1155A"", ""property"": ""specific_enthalpy"", ""source_id"": ""SRC-316L-PICHLER"", ""source_locator"": ""Table 6"", ""temperature_K"": ""700"", ""transformation"": ""T_K=T; SI=value"", ""uncertainty_raw"": """", ""value_SI"": ""218""}"
MAT-316L-SRM1155A,electrical_resistivity_IG,700,K,700,1.054,μΩ·m,1.054,μΩ·m,,solid,fit_table,SRC-316L-PICHLER,Table 6,T_K=T; SI=value,alloy_material_dataset_v0.1.xlsx,Curve_Data,98,"{""SI_unit"": ""μΩ·m"", ""condition"": ""solid"", ""data_kind"": ""fit_table"", ""material_id"": ""MAT-316L-SRM1155A"", ""property"": ""electrical_resistivity_IG"", ""source_id"": ""SRC-316L-PICHLER"", ""source_locator"": ""Table 6"", ""temperature_K"": ""700"", ""transformation"": ""T_K=T; SI=value"", ""uncertainty_raw"": """", ""value_SI"": ""1.054""}"
MAT-316L-SRM1155A,electrical_resistivity_corrected,700,K,700,1.089,μΩ·m,1.089,μΩ·m,,solid,fit_table,SRC-316L-PICHLER,Table 6,T_K=T; SI=value,alloy_material_dataset_v0.1.xlsx,Curve_Data,99,"{""SI_unit"": ""μΩ·m"", ""condition"": ""solid"", ""data_kind"": ""fit_table"", ""material_id"": ""MAT-316L-SRM1155A"", ""property"": ""electrical_resistivity_corrected"", ""source_id"": ""SRC-316L-PICHLER"", ""source_locator"": ""Table 6"", ""temperature_K"": ""700"", ""transformation"": ""T_K=T; SI=value"", ""uncertainty_raw"": """", ""value_SI"": ""1.089""}"
MAT-316L-SRM1155A,density,700,K,700,7657,kg/m³,7657,kg/m³,,solid,fit_table,SRC-316L-PICHLER,Table 6,T_K=T; SI=value,alloy_material_dataset_v0.1.xlsx,Curve_Data,100,"{""SI_unit"": ""kg/m³"", ""condition"": ""solid"", ""data_kind"": ""fit_table"", ""material_id"": ""MAT-316L-SRM1155A"", ""property"": ""density"", ""source_id"": ""SRC-316L-PICHLER"", ""source_locator"": ""Table 6"", ""temperature_K"": ""700"", ""transformation"": ""T_K=T; SI=value"", ""uncertainty_raw"": """", ""value_SI"": ""7657""}"
MAT-316L-SRM1155A,specific_enthalpy,800,K,800,274,kJ/kg,274,kJ/kg,,solid,fit_table,SRC-316L-PICHLER,Table 6,T_K=T; SI=value,alloy_material_dataset_v0.1.xlsx,Curve_Data,101,"{""SI_unit"": ""kJ/kg"", ""condition"": ""solid"", ""data_kind"": ""fit_table"", ""material_id"": ""MAT-316L-SRM1155A"", ""property"": ""specific_enthalpy"", ""source_id"": ""SRC-316L-PICHLER"", ""source_locator"": ""Table 6"", ""temperature_K"": ""800"", ""transformation"": ""T_K=T; SI=value"", ""uncertainty_raw"": """", ""value_SI"": ""274""}"
MAT-316L-SRM1155A,electrical_resistivity_IG,800,K,800,1.093,μΩ·m,1.093,μΩ·m,,solid,fit_table,SRC-316L-PICHLER,Table 6,T_K=T; SI=value,alloy_material_dataset_v0.1.xlsx,Curve_Data,102,"{""SI_unit"": ""μΩ·m"", ""condition"": ""solid"", ""data_kind"": ""fit_table"", ""material_id"": ""MAT-316L-SRM1155A"", ""property"": ""electrical_resistivity_IG"", ""source_id"": ""SRC-316L-PICHLER"", ""source_locator"": ""Table 6"", ""temperature_K"": ""800"", ""transformation"": ""T_K=T; SI=value"", ""uncertainty_raw"": """", ""value_SI"": ""1.093""}"
MAT-316L-SRM1155A,electrical_resistivity_corrected,800,K,800,1.138,μΩ·m,1.138,μΩ·m,,solid,fit_table,SRC-316L-PICHLER,Table 6,T_K=T; SI=value,alloy_material_dataset_v0.1.xlsx,Curve_Data,103,"{""SI_unit"": ""μΩ·m"", ""condition"": ""solid"", ""data_kind"": ""fit_table"", ""material_id"": ""MAT-316L-SRM1155A"", ""property"": ""electrical_resistivity_corrected"", ""source_id"": ""SRC-316L-PICHLER"", ""source_locator"": ""Table 6"", ""temperature_K"": ""800"", ""transformation"": ""T_K=T; SI=value"", ""uncertainty_raw"": """", ""value_SI"": ""1.138""}"
MAT-316L-SRM1155A,density,800,K,800,7601,kg/m³,7601,kg/m³,,solid,fit_table,SRC-316L-PICHLER,Table 6,T_K=T; SI=value,alloy_material_dataset_v0.1.xlsx,Curve_Data,104,"{""SI_unit"": ""kg/m³"", ""condition"": ""solid"", ""data_kind"": ""fit_table"", ""material_id"": ""MAT-316L-SRM1155A"", ""property"": ""density"", ""source_id"": ""SRC-316L-PICHLER"", ""source_locator"": ""Table 6"", ""temperature_K"": ""800"", ""transformation"": ""T_K=T; SI=value"", ""uncertainty_raw"": """", ""value_SI"": ""7601""}"
MAT-316L-SRM1155A,specific_enthalpy,900,K,900,333,kJ/kg,333,kJ/kg,,solid,fit_table,SRC-316L-PICHLER,Table 6,T_K=T; SI=value,alloy_material_dataset_v0.1.xlsx,Curve_Data,105,"{""SI_unit"": ""kJ/kg"", ""condition"": ""solid"", ""data_kind"": ""fit_table"", ""material_id"": ""MAT-316L-SRM1155A"", ""property"": ""specific_enthalpy"", ""source_id"": ""SRC-316L-PICHLER"", ""source_locator"": ""Table 6"", ""temperature_K"": ""900"", ""transformation"": ""T_K=T; SI=value"", ""uncertainty_raw"": """", ""value_SI"": ""333""}"
MAT-316L-SRM1155A,electrical_resistivity_IG,900,K,900,1.128,μΩ·m,1.128,μΩ·m,,solid,fit_table,SRC-316L-PICHLER,Table 6,T_K=T; SI=value,alloy_material_dataset_v0.1.xlsx,Curve_Data,106,"{""SI_unit"": ""μΩ·m"", ""condition"": ""solid"", ""data_kind"": ""fit_table"", ""material_id"": ""MAT-316L-SRM1155A"", ""property"": ""electrical_resistivity_IG"", ""source_id"": ""SRC-316L-PICHLER"", ""source_locator"": ""Table 6"", ""temperature_K"": ""900"", ""transformation"": ""T_K=T; SI=value"", ""uncertainty_raw"": """", ""value_SI"": ""1.128""}"
MAT-316L-SRM1155A,electrical_resistivity_corrected,900,K,900,1.183,μΩ·m,1.183,μΩ·m,,solid,fit_table,SRC-316L-PICHLER,Table 6,T_K=T; SI=value,alloy_material_dataset_v0.1.xlsx,Curve_Data,107,"{""SI_unit"": ""μΩ·m"", ""condition"": ""solid"", ""data_kind"": ""fit_table"", ""material_id"": ""MAT-316L-SRM1155A"", ""property"": ""electrical_resistivity_corrected"", ""source_id"": ""SRC-316L-PICHLER"", ""source_locator"": ""Table 6"", ""temperature_K"": ""900"", ""transformation"": ""T_K=T; SI=value"", ""uncertainty_raw"": """", ""value_SI"": ""1.183""}"
MAT-316L-SRM1155A,density,900,K,900,7544,kg/m³,7544,kg/m³,,solid,fit_table,SRC-316L-PICHLER,Table 6,T_K=T; SI=value,alloy_material_dataset_v0.1.xlsx,Curve_Data,108,"{""SI_unit"": ""kg/m³"", ""condition"": ""solid"", ""data_kind"": ""fit_table"", ""material_id"": ""MAT-316L-SRM1155A"", ""property"": ""density"", ""source_id"": ""SRC-316L-PICHLER"", ""source_locator"": ""Table 6"", ""temperature_K"": ""900"", ""transformation"": ""T_K=T; SI=value"", ""uncertainty_raw"": """", ""value_SI"": ""7544""}"
MAT-316L-SRM1155A,specific_enthalpy,1000,K,1000,393,kJ/kg,393,kJ/kg,,solid,fit_table,SRC-316L-PICHLER,Table 6,T_K=T; SI=value,alloy_material_dataset_v0.1.xlsx,Curve_Data,109,"{""SI_unit"": ""kJ/kg"", ""condition"": ""solid"", ""data_kind"": ""fit_table"", ""material_id"": ""MAT-316L-SRM1155A"", ""property"": ""specific_enthalpy"", ""source_id"": ""SRC-316L-PICHLER"", ""source_locator"": ""Table 6"", ""temperature_K"": ""1000"", ""transformation"": ""T_K=T; SI=value"", ""uncertainty_raw"": """", ""value_SI"": ""393""}"
MAT-316L-SRM1155A,electrical_resistivity_IG,1000,K,1000,1.157,μΩ·m,1.157,μΩ·m,,solid,fit_table,SRC-316L-PICHLER,Table 6,T_K=T; SI=value,alloy_material_dataset_v0.1.xlsx,Curve_Data,110,"{""SI_unit"": ""μΩ·m"", ""condition"": ""solid"", ""data_kind"": ""fit_table"", ""material_id"": ""MAT-316L-SRM1155A"", ""property"": ""electrical_resistivity_IG"", ""source_id"": ""SRC-316L-PICHLER"", ""source_locator"": ""Table 6"", ""temperature_K"": ""1000"", ""transformation"": ""T_K=T; SI=value"", ""uncertainty_raw"": """", ""value_SI"": ""1.157""}"
MAT-316L-SRM1155A,electrical_resistivity_corrected,1000,K,1000,1.223,μΩ·m,1.223,μΩ·m,,solid,fit_table,SRC-316L-PICHLER,Table 6,T_K=T; SI=value,alloy_material_dataset_v0.1.xlsx,Curve_Data,111,"{""SI_unit"": ""μΩ·m"", ""condition"": ""solid"", ""data_kind"": ""fit_table"", ""material_id"": ""MAT-316L-SRM1155A"", ""property"": ""electrical_resistivity_corrected"", ""source_id"": ""SRC-316L-PICHLER"", ""source_locator"": ""Table 6"", ""temperature_K"": ""1000"", ""transformation"": ""T_K=T; SI=value"", ""uncertainty_raw"": """", ""value_SI"": ""1.223""}"
MAT-316L-SRM1155A,density,1000,K,1000,7488,kg/m³,7488,kg/m³,,solid,fit_table,SRC-316L-PICHLER,Table 6,T_K=T; SI=value,alloy_material_dataset_v0.1.xlsx,Curve_Data,112,"{""SI_unit"": ""kg/m³"", ""condition"": ""solid"", ""data_kind"": ""fit_table"", ""material_id"": ""MAT-316L-SRM1155A"", ""property"": ""density"", ""source_id"": ""SRC-316L-PICHLER"", ""source_locator"": ""Table 6"", ""temperature_K"": ""1000"", ""transformation"": ""T_K=T; SI=value"", ""uncertainty_raw"": """", ""value_SI"": ""7488""}"
MAT-316L-SRM1155A,specific_enthalpy,1100,K,1100,454,kJ/kg,454,kJ/kg,,solid,fit_table,SRC-316L-PICHLER,Table 6,T_K=T; SI=value,alloy_material_dataset_v0.1.xlsx,Curve_Data,113,"{""SI_unit"": ""kJ/kg"", ""condition"": ""solid"", ""data_kind"": ""fit_table"", ""material_id"": ""MAT-316L-SRM1155A"", ""property"": ""specific_enthalpy"", ""source_id"": ""SRC-316L-PICHLER"", ""source_locator"": ""Table 6"", ""temperature_K"": ""1100"", ""transformation"": ""T_K=T; SI=value"", ""uncertainty_raw"": """", ""value_SI"": ""454""}"
MAT-316L-SRM1155A,electrical_resistivity_IG,1100,K,1100,1.182,μΩ·m,1.182,μΩ·m,,solid,fit_table,SRC-316L-PICHLER,Table 6,T_K=T; SI=value,alloy_material_dataset_v0.1.xlsx,Curve_Data,114,"{""SI_unit"": ""μΩ·m"", ""condition"": ""solid"", ""data_kind"": ""fit_table"", ""material_id"": ""MAT-316L-SRM1155A"", ""property"": ""electrical_resistivity_IG"", ""source_id"": ""SRC-316L-PICHLER"", ""source_locator"": ""Table 6"", ""temperature_K"": ""1100"", ""transformation"": ""T_K=T; SI=value"", ""uncertainty_raw"": """", ""value_SI"": ""1.182""}"
MAT-316L-SRM1155A,electrical_resistivity_corrected,1100,K,1100,1.259,μΩ·m,1.259,μΩ·m,,solid,fit_table,SRC-316L-PICHLER,Table 6,T_K=T; SI=value,alloy_material_dataset_v0.1.xlsx,Curve_Data,115,"{""SI_unit"": ""μΩ·m"", ""condition"": ""solid"", ""data_kind"": ""fit_table"", ""material_id"": ""MAT-316L-SRM1155A"", ""property"": ""electrical_resistivity_corrected"", ""source_id"": ""SRC-316L-PICHLER"", ""source_locator"": ""Table 6"", ""temperature_K"": ""1100"", ""transformation"": ""T_K=T; SI=value"", ""uncertainty_raw"": """", ""value_SI"": ""1.259""}"
MAT-316L-SRM1155A,density,1100,K,1100,7432,kg/m³,7432,kg/m³,,solid,fit_table,SRC-316L-PICHLER,Table 6,T_K=T; SI=value,alloy_material_dataset_v0.1.xlsx,Curve_Data,116,"{""SI_unit"": ""kg/m³"", ""condition"": ""solid"", ""data_kind"": ""fit_table"", ""material_id"": ""MAT-316L-SRM1155A"", ""property"": ""density"", ""source_id"": ""SRC-316L-PICHLER"", ""source_locator"": ""Table 6"", ""temperature_K"": ""1100"", ""transformation"": ""T_K=T; SI=value"", ""uncertainty_raw"": """", ""value_SI"": ""7432""}"
MAT-316L-SRM1155A,specific_enthalpy,1200,K,1200,515,kJ/kg,515,kJ/kg,,solid,fit_table,SRC-316L-PICHLER,Table 6,T_K=T; SI=value,alloy_material_dataset_v0.1.xlsx,Curve_Data,117,"{""SI_unit"": ""kJ/kg"", ""condition"": ""solid"", ""data_kind"": ""fit_table"", ""material_id"": ""MAT-316L-SRM1155A"", ""property"": ""specific_enthalpy"", ""source_id"": ""SRC-316L-PICHLER"", ""source_locator"": ""Table 6"", ""temperature_K"": ""1200"", ""transformation"": ""T_K=T; SI=value"", ""uncertainty_raw"": """", ""value_SI"": ""515""}"
MAT-316L-SRM1155A,electrical_resistivity_IG,1200,K,1200,1.203,μΩ·m,1.203,μΩ·m,,solid,fit_table,SRC-316L-PICHLER,Table 6,T_K=T; SI=value,alloy_material_dataset_v0.1.xlsx,Curve_Data,118,"{""SI_unit"": ""μΩ·m"", ""condition"": ""solid"", ""data_kind"": ""fit_table"", ""material_id"": ""MAT-316L-SRM1155A"", ""property"": ""electrical_resistivity_IG"", ""source_id"": ""SRC-316L-PICHLER"", ""source_locator"": ""Table 6"", ""temperature_K"": ""1200"", ""transformation"": ""T_K=T; SI=value"", ""uncertainty_raw"": """", ""value_SI"": ""1.203""}"
MAT-316L-SRM1155A,electrical_resistivity_corrected,1200,K,1200,1.29,μΩ·m,1.29,μΩ·m,,solid,fit_table,SRC-316L-PICHLER,Table 6,T_K=T; SI=value,alloy_material_dataset_v0.1.xlsx,Curve_Data,119,"{""SI_unit"": ""μΩ·m"", ""condition"": ""solid"", ""data_kind"": ""fit_table"", ""material_id"": ""MAT-316L-SRM1155A"", ""property"": ""electrical_resistivity_corrected"", ""source_id"": ""SRC-316L-PICHLER"", ""source_locator"": ""Table 6"", ""temperature_K"": ""1200"", ""transformation"": ""T_K=T; SI=value"", ""uncertainty_raw"": """", ""value_SI"": ""1.29""}"
MAT-316L-SRM1155A,density,1200,K,1200,7375,kg/m³,7375,kg/m³,,solid,fit_table,SRC-316L-PICHLER,Table 6,T_K=T; SI=value,alloy_material_dataset_v0.1.xlsx,Curve_Data,120,"{""SI_unit"": ""kg/m³"", ""condition"": ""solid"", ""data_kind"": ""fit_table"", ""material_id"": ""MAT-316L-SRM1155A"", ""property"": ""density"", ""source_id"": ""SRC-316L-PICHLER"", ""source_locator"": ""Table 6"", ""temperature_K"": ""1200"", ""transformation"": ""T_K=T; SI=value"", ""uncertainty_raw"": """", ""value_SI"": ""7375""}"
MAT-316L-SRM1155A,specific_enthalpy,1300,K,1300,554,kJ/kg,554,kJ/kg,,solid,fit_table,SRC-316L-PICHLER,Table 6,T_K=T; SI=value,alloy_material_dataset_v0.1.xlsx,Curve_Data,121,"{""SI_unit"": ""kJ/kg"", ""condition"": ""solid"", ""data_kind"": ""fit_table"", ""material_id"": ""MAT-316L-SRM1155A"", ""property"": ""specific_enthalpy"", ""source_id"": ""SRC-316L-PICHLER"", ""source_locator"": ""Table 6"", ""temperature_K"": ""1300"", ""transformation"": ""T_K=T; SI=value"", ""uncertainty_raw"": """", ""value_SI"": ""554""}"
MAT-316L-SRM1155A,electrical_resistivity_IG,1300,K,1300,1.218,μΩ·m,1.218,μΩ·m,,solid,fit_table,SRC-316L-PICHLER,Table 6,T_K=T; SI=value,alloy_material_dataset_v0.1.xlsx,Curve_Data,122,"{""SI_unit"": ""μΩ·m"", ""condition"": ""solid"", ""data_kind"": ""fit_table"", ""material_id"": ""MAT-316L-SRM1155A"", ""property"": ""electrical_resistivity_IG"", ""source_id"": ""SRC-316L-PICHLER"", ""source_locator"": ""Table 6"", ""temperature_K"": ""1300"", ""transformation"": ""T_K=T; SI=value"", ""uncertainty_raw"": """", ""value_SI"": ""1.218""}"
MAT-316L-SRM1155A,electrical_resistivity_corrected,1300,K,1300,1.316,μΩ·m,1.316,μΩ·m,,solid,fit_table,SRC-316L-PICHLER,Table 6,T_K=T; SI=value,alloy_material_dataset_v0.1.xlsx,Curve_Data,123,"{""SI_unit"": ""μΩ·m"", ""condition"": ""solid"", ""data_kind"": ""fit_table"", ""material_id"": ""MAT-316L-SRM1155A"", ""property"": ""electrical_resistivity_corrected"", ""source_id"": ""SRC-316L-PICHLER"", ""source_locator"": ""Table 6"", ""temperature_K"": ""1300"", ""transformation"": ""T_K=T; SI=value"", ""uncertainty_raw"": """", ""value_SI"": ""1.316""}"
MAT-316L-SRM1155A,density,1300,K,1300,7319,kg/m³,7319,kg/m³,,solid,fit_table,SRC-316L-PICHLER,Table 6,T_K=T; SI=value,alloy_material_dataset_v0.1.xlsx,Curve_Data,124,"{""SI_unit"": ""kg/m³"", ""condition"": ""solid"", ""data_kind"": ""fit_table"", ""material_id"": ""MAT-316L-SRM1155A"", ""property"": ""density"", ""source_id"": ""SRC-316L-PICHLER"", ""source_locator"": ""Table 6"", ""temperature_K"": ""1300"", ""transformation"": ""T_K=T; SI=value"", ""uncertainty_raw"": """", ""value_SI"": ""7319""}"
MAT-316L-SRM1155A,specific_enthalpy,1400,K,1400,626,kJ/kg,626,kJ/kg,,solid,fit_table,SRC-316L-PICHLER,Table 6,T_K=T; SI=value,alloy_material_dataset_v0.1.xlsx,Curve_Data,125,"{""SI_unit"": ""kJ/kg"", ""condition"": ""solid"", ""data_kind"": ""fit_table"", ""material_id"": ""MAT-316L-SRM1155A"", ""property"": ""specific_enthalpy"", ""source_id"": ""SRC-316L-PICHLER"", ""source_locator"": ""Table 6"", ""temperature_K"": ""1400"", ""transformation"": ""T_K=T; SI=value"", ""uncertainty_raw"": """", ""value_SI"": ""626""}"
MAT-316L-SRM1155A,electrical_resistivity_IG,1400,K,1400,1.232,μΩ·m,1.232,μΩ·m,,solid,fit_table,SRC-316L-PICHLER,Table 6,T_K=T; SI=value,alloy_material_dataset_v0.1.xlsx,Curve_Data,126,"{""SI_unit"": ""μΩ·m"", ""condition"": ""solid"", ""data_kind"": ""fit_table"", ""material_id"": ""MAT-316L-SRM1155A"", ""property"": ""electrical_resistivity_IG"", ""source_id"": ""SRC-316L-PICHLER"", ""source_locator"": ""Table 6"", ""temperature_K"": ""1400"", ""transformation"": ""T_K=T; SI=value"", ""uncertainty_raw"": """", ""value_SI"": ""1.232""}"
MAT-316L-SRM1155A,electrical_resistivity_corrected,1400,K,1400,1.342,μΩ·m,1.342,μΩ·m,,solid,fit_table,SRC-316L-PICHLER,Table 6,T_K=T; SI=value,alloy_material_dataset_v0.1.xlsx,Curve_Data,127,"{""SI_unit"": ""μΩ·m"", ""condition"": ""solid"", ""data_kind"": ""fit_table"", ""material_id"": ""MAT-316L-SRM1155A"", ""property"": ""electrical_resistivity_corrected"", ""source_id"": ""SRC-316L-PICHLER"", ""source_locator"": ""Table 6"", ""temperature_K"": ""1400"", ""transformation"": ""T_K=T; SI=value"", ""uncertainty_raw"": """", ""value_SI"": ""1.342""}"
MAT-316L-SRM1155A,density,1400,K,1400,7263,kg/m³,7263,kg/m³,,solid,fit_table,SRC-316L-PICHLER,Table 6,T_K=T; SI=value,alloy_material_dataset_v0.1.xlsx,Curve_Data,128,"{""SI_unit"": ""kg/m³"", ""condition"": ""solid"", ""data_kind"": ""fit_table"", ""material_id"": ""MAT-316L-SRM1155A"", ""property"": ""density"", ""source_id"": ""SRC-316L-PICHLER"", ""source_locator"": ""Table 6"", ""temperature_K"": ""1400"", ""transformation"": ""T_K=T; SI=value"", ""uncertainty_raw"": """", ""value_SI"": ""7263""}"
MAT-316L-SRM1155A,specific_enthalpy,1500,K,1500,697,kJ/kg,697,kJ/kg,,solid,fit_table,SRC-316L-PICHLER,Table 6,T_K=T; SI=value,alloy_material_dataset_v0.1.xlsx,Curve_Data,129,"{""SI_unit"": ""kJ/kg"", ""condition"": ""solid"", ""data_kind"": ""fit_table"", ""material_id"": ""MAT-316L-SRM1155A"", ""property"": ""specific_enthalpy"", ""source_id"": ""SRC-316L-PICHLER"", ""source_locator"": ""Table 6"", ""temperature_K"": ""1500"", ""transformation"": ""T_K=T; SI=value"", ""uncertainty_raw"": """", ""value_SI"": ""697""}"
MAT-316L-SRM1155A,electrical_resistivity_IG,1500,K,1500,1.247,μΩ·m,1.247,μΩ·m,,solid,fit_table,SRC-316L-PICHLER,Table 6,T_K=T; SI=value,alloy_material_dataset_v0.1.xlsx,Curve_Data,130,"{""SI_unit"": ""μΩ·m"", ""condition"": ""solid"", ""data_kind"": ""fit_table"", ""material_id"": ""MAT-316L-SRM1155A"", ""property"": ""electrical_resistivity_IG"", ""source_id"": ""SRC-316L-PICHLER"", ""source_locator"": ""Table 6"", ""temperature_K"": ""1500"", ""transformation"": ""T_K=T; SI=value"", ""uncertainty_raw"": """", ""value_SI"": ""1.247""}"
MAT-316L-SRM1155A,electrical_resistivity_corrected,1500,K,1500,1.368,μΩ·m,1.368,μΩ·m,,solid,fit_table,SRC-316L-PICHLER,Table 6,T_K=T; SI=value,alloy_material_dataset_v0.1.xlsx,Curve_Data,131,"{""SI_unit"": ""μΩ·m"", ""condition"": ""solid"", ""data_kind"": ""fit_table"", ""material_id"": ""MAT-316L-SRM1155A"", ""property"": ""electrical_resistivity_corrected"", ""source_id"": ""SRC-316L-PICHLER"", ""source_locator"": ""Table 6"", ""temperature_K"": ""1500"", ""transformation"": ""T_K=T; SI=value"", ""uncertainty_raw"": """", ""value_SI"": ""1.368""}"
MAT-316L-SRM1155A,density,1500,K,1500,7206,kg/m³,7206,kg/m³,,solid,fit_table,SRC-316L-PICHLER,Table 6,T_K=T; SI=value,alloy_material_dataset_v0.1.xlsx,Curve_Data,132,"{""SI_unit"": ""kg/m³"", ""condition"": ""solid"", ""data_kind"": ""fit_table"", ""material_id"": ""MAT-316L-SRM1155A"", ""property"": ""density"", ""source_id"": ""SRC-316L-PICHLER"", ""source_locator"": ""Table 6"", ""temperature_K"": ""1500"", ""transformation"": ""T_K=T; SI=value"", ""uncertainty_raw"": """", ""value_SI"": ""7206""}"
MAT-316L-SRM1155A,specific_enthalpy,1600,K,1600,769,kJ/kg,769,kJ/kg,,solid,fit_table,SRC-316L-PICHLER,Table 6,T_K=T; SI=value,alloy_material_dataset_v0.1.xlsx,Curve_Data,133,"{""SI_unit"": ""kJ/kg"", ""condition"": ""solid"", ""data_kind"": ""fit_table"", ""material_id"": ""MAT-316L-SRM1155A"", ""property"": ""specific_enthalpy"", ""source_id"": ""SRC-316L-PICHLER"", ""source_locator"": ""Table 6"", ""temperature_K"": ""1600"", ""transformation"": ""T_K=T; SI=value"", ""uncertainty_raw"": """", ""value_SI"": ""769""}"
MAT-316L-SRM1155A,electrical_resistivity_IG,1600,K,1600,1.262,μΩ·m,1.262,μΩ·m,,solid,fit_table,SRC-316L-PICHLER,Table 6,T_K=T; SI=value,alloy_material_dataset_v0.1.xlsx,Curve_Data,134,"{""SI_unit"": ""μΩ·m"", ""condition"": ""solid"", ""data_kind"": ""fit_table"", ""material_id"": ""MAT-316L-SRM1155A"", ""property"": ""electrical_resistivity_IG"", ""source_id"": ""SRC-316L-PICHLER"", ""source_locator"": ""Table 6"", ""temperature_K"": ""1600"", ""transformation"": ""T_K=T; SI=value"", ""uncertainty_raw"": """", ""value_SI"": ""1.262""}"
MAT-316L-SRM1155A,electrical_resistivity_corrected,1600,K,1600,1.394,μΩ·m,1.394,μΩ·m,,solid,fit_table,SRC-316L-PICHLER,Table 6,T_K=T; SI=value,alloy_material_dataset_v0.1.xlsx,Curve_Data,135,"{""SI_unit"": ""μΩ·m"", ""condition"": ""solid"", ""data_kind"": ""fit_table"", ""material_id"": ""MAT-316L-SRM1155A"", ""property"": ""electrical_resistivity_corrected"", ""source_id"": ""SRC-316L-PICHLER"", ""source_locator"": ""Table 6"", ""temperature_K"": ""1600"", ""transformation"": ""T_K=T; SI=value"", ""uncertainty_raw"": """", ""value_SI"": ""1.394""}"
MAT-316L-SRM1155A,density,1600,K,1600,7150,kg/m³,7150,kg/m³,,solid,fit_table,SRC-316L-PICHLER,Table 6,T_K=T; SI=value,alloy_material_dataset_v0.1.xlsx,Curve_Data,136,"{""SI_unit"": ""kg/m³"", ""condition"": ""solid"", ""data_kind"": ""fit_table"", ""material_id"": ""MAT-316L-SRM1155A"", ""property"": ""density"", ""source_id"": ""SRC-316L-PICHLER"", ""source_locator"": ""Table 6"", ""temperature_K"": ""1600"", ""transformation"": ""T_K=T; SI=value"", ""uncertainty_raw"": """", ""value_SI"": ""7150""}"
MAT-316L-SRM1155A,specific_enthalpy,1700,K,1700,1042,kJ/kg,1042,kJ/kg,,liquid,fit_table,SRC-316L-PICHLER,Table 6,T_K=T; SI=value,alloy_material_dataset_v0.1.xlsx,Curve_Data,137,"{""SI_unit"": ""kJ/kg"", ""condition"": ""liquid"", ""data_kind"": ""fit_table"", ""material_id"": ""MAT-316L-SRM1155A"", ""property"": ""specific_enthalpy"", ""source_id"": ""SRC-316L-PICHLER"", ""source_locator"": ""Table 6"", ""temperature_K"": ""1700"", ""transformation"": ""T_K=T; SI=value"", ""uncertainty_raw"": """", ""value_SI"": ""1042""}"
MAT-316L-SRM1155A,electrical_resistivity_IG,1700,K,1700,1.291,μΩ·m,1.291,μΩ·m,,liquid,fit_table,SRC-316L-PICHLER,Table 6,T_K=T; SI=value,alloy_material_dataset_v0.1.xlsx,Curve_Data,138,"{""SI_unit"": ""μΩ·m"", ""condition"": ""liquid"", ""data_kind"": ""fit_table"", ""material_id"": ""MAT-316L-SRM1155A"", ""property"": ""electrical_resistivity_IG"", ""source_id"": ""SRC-316L-PICHLER"", ""source_locator"": ""Table 6"", ""temperature_K"": ""1700"", ""transformation"": ""T_K=T; SI=value"", ""uncertainty_raw"": """", ""value_SI"": ""1.291""}"
MAT-316L-SRM1155A,electrical_resistivity_corrected,1700,K,1700,1.464,μΩ·m,1.464,μΩ·m,,liquid,fit_table,SRC-316L-PICHLER,Table 6,T_K=T; SI=value,alloy_material_dataset_v0.1.xlsx,Curve_Data,139,"{""SI_unit"": ""μΩ·m"", ""condition"": ""liquid"", ""data_kind"": ""fit_table"", ""material_id"": ""MAT-316L-SRM1155A"", ""property"": ""electrical_resistivity_corrected"", ""source_id"": ""SRC-316L-PICHLER"", ""source_locator"": ""Table 6"", ""temperature_K"": ""1700"", ""transformation"": ""T_K=T; SI=value"", ""uncertainty_raw"": """", ""value_SI"": ""1.464""}"
MAT-316L-SRM1155A,density,1700,K,1700,6964,kg/m³,6964,kg/m³,,liquid,fit_table,SRC-316L-PICHLER,Table 6,T_K=T; SI=value,alloy_material_dataset_v0.1.xlsx,Curve_Data,140,"{""SI_unit"": ""kg/m³"", ""condition"": ""liquid"", ""data_kind"": ""fit_table"", ""material_id"": ""MAT-316L-SRM1155A"", ""property"": ""density"", ""source_id"": ""SRC-316L-PICHLER"", ""source_locator"": ""Table 6"", ""temperature_K"": ""1700"", ""transformation"": ""T_K=T; SI=value"", ""uncertainty_raw"": """", ""value_SI"": ""6964""}"
MAT-316L-SRM1155A,specific_enthalpy,1800,K,1800,1190,kJ/kg,1190,kJ/kg,,liquid,fit_table,SRC-316L-PICHLER,Table 6,T_K=T; SI=value,alloy_material_dataset_v0.1.xlsx,Curve_Data,141,"{""SI_unit"": ""kJ/kg"", ""condition"": ""liquid"", ""data_kind"": ""fit_table"", ""material_id"": ""MAT-316L-SRM1155A"", ""property"": ""specific_enthalpy"", ""source_id"": ""SRC-316L-PICHLER"", ""source_locator"": ""Table 6"", ""temperature_K"": ""1800"", ""transformation"": ""T_K=T; SI=value"", ""uncertainty_raw"": """", ""value_SI"": ""1190""}"
MAT-316L-SRM1155A,electrical_resistivity_IG,1800,K,1800,1.299,μΩ·m,1.299,μΩ·m,,liquid,fit_table,SRC-316L-PICHLER,Table 6,T_K=T; SI=value,alloy_material_dataset_v0.1.xlsx,Curve_Data,142,"{""SI_unit"": ""μΩ·m"", ""condition"": ""liquid"", ""data_kind"": ""fit_table"", ""material_id"": ""MAT-316L-SRM1155A"", ""property"": ""electrical_resistivity_IG"", ""source_id"": ""SRC-316L-PICHLER"", ""source_locator"": ""Table 6"", ""temperature_K"": ""1800"", ""transformation"": ""T_K=T; SI=value"", ""uncertainty_raw"": """", ""value_SI"": ""1.299""}"
MAT-316L-SRM1155A,electrical_resistivity_corrected,1800,K,1800,1.495,μΩ·m,1.495,μΩ·m,,liquid,fit_table,SRC-316L-PICHLER,Table 6,T_K=T; SI=value,alloy_material_dataset_v0.1.xlsx,Curve_Data,143,"{""SI_unit"": ""μΩ·m"", ""condition"": ""liquid"", ""data_kind"": ""fit_table"", ""material_id"": ""MAT-316L-SRM1155A"", ""property"": ""electrical_resistivity_corrected"", ""source_id"": ""SRC-316L-PICHLER"", ""source_locator"": ""Table 6"", ""temperature_K"": ""1800"", ""transformation"": ""T_K=T; SI=value"", ""uncertainty_raw"": """", ""value_SI"": ""1.495""}"
MAT-316L-SRM1155A,density,1800,K,1800,6857,kg/m³,6857,kg/m³,,liquid,fit_table,SRC-316L-PICHLER,Table 6,T_K=T; SI=value,alloy_material_dataset_v0.1.xlsx,Curve_Data,144,"{""SI_unit"": ""kg/m³"", ""condition"": ""liquid"", ""data_kind"": ""fit_table"", ""material_id"": ""MAT-316L-SRM1155A"", ""property"": ""density"", ""source_id"": ""SRC-316L-PICHLER"", ""source_locator"": ""Table 6"", ""temperature_K"": ""1800"", ""transformation"": ""T_K=T; SI=value"", ""uncertainty_raw"": """", ""value_SI"": ""6857""}"
MAT-316L-SRM1155A,specific_enthalpy,1900,K,1900,1275,kJ/kg,1275,kJ/kg,,liquid,fit_table,SRC-316L-PICHLER,Table 6,T_K=T; SI=value,alloy_material_dataset_v0.1.xlsx,Curve_Data,145,"{""SI_unit"": ""kJ/kg"", ""condition"": ""liquid"", ""data_kind"": ""fit_table"", ""material_id"": ""MAT-316L-SRM1155A"", ""property"": ""specific_enthalpy"", ""source_id"": ""SRC-316L-PICHLER"", ""source_locator"": ""Table 6"", ""temperature_K"": ""1900"", ""transformation"": ""T_K=T; SI=value"", ""uncertainty_raw"": """", ""value_SI"": ""1275""}"
MAT-316L-SRM1155A,electrical_resistivity_IG,1900,K,1900,1.301,μΩ·m,1.301,μΩ·m,,liquid,fit_table,SRC-316L-PICHLER,Table 6,T_K=T; SI=value,alloy_material_dataset_v0.1.xlsx,Curve_Data,146,"{""SI_unit"": ""μΩ·m"", ""condition"": ""liquid"", ""data_kind"": ""fit_table"", ""material_id"": ""MAT-316L-SRM1155A"", ""property"": ""electrical_resistivity_IG"", ""source_id"": ""SRC-316L-PICHLER"", ""source_locator"": ""Table 6"", ""temperature_K"": ""1900"", ""transformation"": ""T_K=T; SI=value"", ""uncertainty_raw"": """", ""value_SI"": ""1.301""}"
MAT-316L-SRM1155A,electrical_resistivity_corrected,1900,K,1900,1.514,μΩ·m,1.514,μΩ·m,,liquid,fit_table,SRC-316L-PICHLER,Table 6,T_K=T; SI=value,alloy_material_dataset_v0.1.xlsx,Curve_Data,147,"{""SI_unit"": ""μΩ·m"", ""condition"": ""liquid"", ""data_kind"": ""fit_table"", ""material_id"": ""MAT-316L-SRM1155A"", ""property"": ""electrical_resistivity_corrected"", ""source_id"": ""SRC-316L-PICHLER"", ""source_locator"": ""Table 6"", ""temperature_K"": ""1900"", ""transformation"": ""T_K=T; SI=value"", ""uncertainty_raw"": """", ""value_SI"": ""1.514""}"
MAT-316L-SRM1155A,density,1900,K,1900,6791,kg/m³,6791,kg/m³,,liquid,fit_table,SRC-316L-PICHLER,Table 6,T_K=T; SI=value,alloy_material_dataset_v0.1.xlsx,Curve_Data,148,"{""SI_unit"": ""kg/m³"", ""condition"": ""liquid"", ""data_kind"": ""fit_table"", ""material_id"": ""MAT-316L-SRM1155A"", ""property"": ""density"", ""source_id"": ""SRC-316L-PICHLER"", ""source_locator"": ""Table 6"", ""temperature_K"": ""1900"", ""transformation"": ""T_K=T; SI=value"", ""uncertainty_raw"": """", ""value_SI"": ""6791""}"
MAT-316L-SRM1155A,specific_enthalpy,2000,K,2000,1360,kJ/kg,1360,kJ/kg,,liquid,fit_table,SRC-316L-PICHLER,Table 6,T_K=T; SI=value,alloy_material_dataset_v0.1.xlsx,Curve_Data,149,"{""SI_unit"": ""kJ/kg"", ""condition"": ""liquid"", ""data_kind"": ""fit_table"", ""material_id"": ""MAT-316L-SRM1155A"", ""property"": ""specific_enthalpy"", ""source_id"": ""SRC-316L-PICHLER"", ""source_locator"": ""Table 6"", ""temperature_K"": ""2000"", ""transformation"": ""T_K=T; SI=value"", ""uncertainty_raw"": """", ""value_SI"": ""1360""}"
MAT-316L-SRM1155A,electrical_resistivity_IG,2000,K,2000,1.303,μΩ·m,1.303,μΩ·m,,liquid,fit_table,SRC-316L-PICHLER,Table 6,T_K=T; SI=value,alloy_material_dataset_v0.1.xlsx,Curve_Data,150,"{""SI_unit"": ""μΩ·m"", ""condition"": ""liquid"", ""data_kind"": ""fit_table"", ""material_id"": ""MAT-316L-SRM1155A"", ""property"": ""electrical_resistivity_IG"", ""source_id"": ""SRC-316L-PICHLER"", ""source_locator"": ""Table 6"", ""temperature_K"": ""2000"", ""transformation"": ""T_K=T; SI=value"", ""uncertainty_raw"": """", ""value_SI"": ""1.303""}"
MAT-316L-SRM1155A,electrical_resistivity_corrected,2000,K,2000,1.532,μΩ·m,1.532,μΩ·m,,liquid,fit_table,SRC-316L-PICHLER,Table 6,T_K=T; SI=value,alloy_material_dataset_v0.1.xlsx,Curve_Data,151,"{""SI_unit"": ""μΩ·m"", ""condition"": ""liquid"", ""data_kind"": ""fit_table"", ""material_id"": ""MAT-316L-SRM1155A"", ""property"": ""electrical_resistivity_corrected"", ""source_id"": ""SRC-316L-PICHLER"", ""source_locator"": ""Table 6"", ""temperature_K"": ""2000"", ""transformation"": ""T_K=T; SI=value"", ""uncertainty_raw"": """", ""value_SI"": ""1.532""}"
MAT-316L-SRM1155A,density,2000,K,2000,6725,kg/m³,6725,kg/m³,,liquid,fit_table,SRC-316L-PICHLER,Table 6,T_K=T; SI=value,alloy_material_dataset_v0.1.xlsx,Curve_Data,152,"{""SI_unit"": ""kg/m³"", ""condition"": ""liquid"", ""data_kind"": ""fit_table"", ""material_id"": ""MAT-316L-SRM1155A"", ""property"": ""density"", ""source_id"": ""SRC-316L-PICHLER"", ""source_locator"": ""Table 6"", ""temperature_K"": ""2000"", ""transformation"": ""T_K=T; SI=value"", ""uncertainty_raw"": """", ""value_SI"": ""6725""}"
MAT-316L-SRM1155A,specific_enthalpy,2100,K,2100,1444,kJ/kg,1444,kJ/kg,,liquid,fit_table,SRC-316L-PICHLER,Table 6,T_K=T; SI=value,alloy_material_dataset_v0.1.xlsx,Curve_Data,153,"{""SI_unit"": ""kJ/kg"", ""condition"": ""liquid"", ""data_kind"": ""fit_table"", ""material_id"": ""MAT-316L-SRM1155A"", ""property"": ""specific_enthalpy"", ""source_id"": ""SRC-316L-PICHLER"", ""source_locator"": ""Table 6"", ""temperature_K"": ""2100"", ""transformation"": ""T_K=T; SI=value"", ""uncertainty_raw"": """", ""value_SI"": ""1444""}"
MAT-316L-SRM1155A,electrical_resistivity_IG,2100,K,2100,1.305,μΩ·m,1.305,μΩ·m,,liquid,fit_table,SRC-316L-PICHLER,Table 6,T_K=T; SI=value,alloy_material_dataset_v0.1.xlsx,Curve_Data,154,"{""SI_unit"": ""μΩ·m"", ""condition"": ""liquid"", ""data_kind"": ""fit_table"", ""material_id"": ""MAT-316L-SRM1155A"", ""property"": ""electrical_resistivity_IG"", ""source_id"": ""SRC-316L-PICHLER"", ""source_locator"": ""Table 6"", ""temperature_K"": ""2100"", ""transformation"": ""T_K=T; SI=value"", ""uncertainty_raw"": """", ""value_SI"": ""1.305""}"
MAT-316L-SRM1155A,electrical_resistivity_corrected,2100,K,2100,1.551,μΩ·m,1.551,μΩ·m,,liquid,fit_table,SRC-316L-PICHLER,Table 6,T_K=T; SI=value,alloy_material_dataset_v0.1.xlsx,Curve_Data,155,"{""SI_unit"": ""μΩ·m"", ""condition"": ""liquid"", ""data_kind"": ""fit_table"", ""material_id"": ""MAT-316L-SRM1155A"", ""property"": ""electrical_resistivity_corrected"", ""source_id"": ""SRC-316L-PICHLER"", ""source_locator"": ""Table 6"", ""temperature_K"": ""2100"", ""transformation"": ""T_K=T; SI=value"", ""uncertainty_raw"": """", ""value_SI"": ""1.551""}"
MAT-316L-SRM1155A,density,2100,K,2100,6659,kg/m³,6659,kg/m³,,liquid,fit_table,SRC-316L-PICHLER,Table 6,T_K=T; SI=value,alloy_material_dataset_v0.1.xlsx,Curve_Data,156,"{""SI_unit"": ""kg/m³"", ""condition"": ""liquid"", ""data_kind"": ""fit_table"", ""material_id"": ""MAT-316L-SRM1155A"", ""property"": ""density"", ""source_id"": ""SRC-316L-PICHLER"", ""source_locator"": ""Table 6"", ""temperature_K"": ""2100"", ""transformation"": ""T_K=T; SI=value"", ""uncertainty_raw"": """", ""value_SI"": ""6659""}"
MAT-316L-SRM1155A,specific_enthalpy,2200,K,2200,1529,kJ/kg,1529,kJ/kg,,liquid,fit_table,SRC-316L-PICHLER,Table 6,T_K=T; SI=value,alloy_material_dataset_v0.1.xlsx,Curve_Data,157,"{""SI_unit"": ""kJ/kg"", ""condition"": ""liquid"", ""data_kind"": ""fit_table"", ""material_id"": ""MAT-316L-SRM1155A"", ""property"": ""specific_enthalpy"", ""source_id"": ""SRC-316L-PICHLER"", ""source_locator"": ""Table 6"", ""temperature_K"": ""2200"", ""transformation"": ""T_K=T; SI=value"", ""uncertainty_raw"": """", ""value_SI"": ""1529""}"
MAT-316L-SRM1155A,electrical_resistivity_IG,2200,K,2200,1.307,μΩ·m,1.307,μΩ·m,,liquid,fit_table,SRC-316L-PICHLER,Table 6,T_K=T; SI=value,alloy_material_dataset_v0.1.xlsx,Curve_Data,158,"{""SI_unit"": ""μΩ·m"", ""condition"": ""liquid"", ""data_kind"": ""fit_table"", ""material_id"": ""MAT-316L-SRM1155A"", ""property"": ""electrical_resistivity_IG"", ""source_id"": ""SRC-316L-PICHLER"", ""source_locator"": ""Table 6"", ""temperature_K"": ""2200"", ""transformation"": ""T_K=T; SI=value"", ""uncertainty_raw"": """", ""value_SI"": ""1.307""}"
MAT-316L-SRM1155A,electrical_resistivity_corrected,2200,K,2200,1.57,μΩ·m,1.57,μΩ·m,,liquid,fit_table,SRC-316L-PICHLER,Table 6,T_K=T; SI=value,alloy_material_dataset_v0.1.xlsx,Curve_Data,159,"{""SI_unit"": ""μΩ·m"", ""condition"": ""liquid"", ""data_kind"": ""fit_table"", ""material_id"": ""MAT-316L-SRM1155A"", ""property"": ""electrical_resistivity_corrected"", ""source_id"": ""SRC-316L-PICHLER"", ""source_locator"": ""Table 6"", ""temperature_K"": ""2200"", ""transformation"": ""T_K=T; SI=value"", ""uncertainty_raw"": """", ""value_SI"": ""1.57""}"
MAT-316L-SRM1155A,density,2200,K,2200,6593,kg/m³,6593,kg/m³,,liquid,fit_table,SRC-316L-PICHLER,Table 6,T_K=T; SI=value,alloy_material_dataset_v0.1.xlsx,Curve_Data,160,"{""SI_unit"": ""kg/m³"", ""condition"": ""liquid"", ""data_kind"": ""fit_table"", ""material_id"": ""MAT-316L-SRM1155A"", ""property"": ""density"", ""source_id"": ""SRC-316L-PICHLER"", ""source_locator"": ""Table 6"", ""temperature_K"": ""2200"", ""transformation"": ""T_K=T; SI=value"", ""uncertainty_raw"": """", ""value_SI"": ""6593""}"
MAT-316L-SRM1155A,specific_enthalpy,2300,K,2300,1614,kJ/kg,1614,kJ/kg,,liquid,fit_table,SRC-316L-PICHLER,Table 6,T_K=T; SI=value,alloy_material_dataset_v0.1.xlsx,Curve_Data,161,"{""SI_unit"": ""kJ/kg"", ""condition"": ""liquid"", ""data_kind"": ""fit_table"", ""material_id"": ""MAT-316L-SRM1155A"", ""property"": ""specific_enthalpy"", ""source_id"": ""SRC-316L-PICHLER"", ""source_locator"": ""Table 6"", ""temperature_K"": ""2300"", ""transformation"": ""T_K=T; SI=value"", ""uncertainty_raw"": """", ""value_SI"": ""1614""}"
MAT-316L-SRM1155A,electrical_resistivity_IG,2300,K,2300,1.309,μΩ·m,1.309,μΩ·m,,liquid,fit_table,SRC-316L-PICHLER,Table 6,T_K=T; SI=value,alloy_material_dataset_v0.1.xlsx,Curve_Data,162,"{""SI_unit"": ""μΩ·m"", ""condition"": ""liquid"", ""data_kind"": ""fit_table"", ""material_id"": ""MAT-316L-SRM1155A"", ""property"": ""electrical_resistivity_IG"", ""source_id"": ""SRC-316L-PICHLER"", ""source_locator"": ""Table 6"", ""temperature_K"": ""2300"", ""transformation"": ""T_K=T; SI=value"", ""uncertainty_raw"": """", ""value_SI"": ""1.309""}"
MAT-316L-SRM1155A,electrical_resistivity_corrected,2300,K,2300,1.589,μΩ·m,1.589,μΩ·m,,liquid,fit_table,SRC-316L-PICHLER,Table 6,T_K=T; SI=value,alloy_material_dataset_v0.1.xlsx,Curve_Data,163,"{""SI_unit"": ""μΩ·m"", ""condition"": ""liquid"", ""data_kind"": ""fit_table"", ""material_id"": ""MAT-316L-SRM1155A"", ""property"": ""electrical_resistivity_corrected"", ""source_id"": ""SRC-316L-PICHLER"", ""source_locator"": ""Table 6"", ""temperature_K"": ""2300"", ""transformation"": ""T_K=T; SI=value"", ""uncertainty_raw"": """", ""value_SI"": ""1.589""}"
MAT-316L-SRM1155A,density,2300,K,2300,6527,kg/m³,6527,kg/m³,,liquid,fit_table,SRC-316L-PICHLER,Table 6,T_K=T; SI=value,alloy_material_dataset_v0.1.xlsx,Curve_Data,164,"{""SI_unit"": ""kg/m³"", ""condition"": ""liquid"", ""data_kind"": ""fit_table"", ""material_id"": ""MAT-316L-SRM1155A"", ""property"": ""density"", ""source_id"": ""SRC-316L-PICHLER"", ""source_locator"": ""Table 6"", ""temperature_K"": ""2300"", ""transformation"": ""T_K=T; SI=value"", ""uncertainty_raw"": """", ""value_SI"": ""6527""}"
MAT-316L-SRM1155A,specific_enthalpy,2400,K,2400,1699,kJ/kg,1699,kJ/kg,,liquid,fit_table,SRC-316L-PICHLER,Table 6,T_K=T; SI=value,alloy_material_dataset_v0.1.xlsx,Curve_Data,165,"{""SI_unit"": ""kJ/kg"", ""condition"": ""liquid"", ""data_kind"": ""fit_table"", ""material_id"": ""MAT-316L-SRM1155A"", ""property"": ""specific_enthalpy"", ""source_id"": ""SRC-316L-PICHLER"", ""source_locator"": ""Table 6"", ""temperature_K"": ""2400"", ""transformation"": ""T_K=T; SI=value"", ""uncertainty_raw"": """", ""value_SI"": ""1699""}"
MAT-316L-SRM1155A,electrical_resistivity_IG,2400,K,2400,1.311,μΩ·m,1.311,μΩ·m,,liquid,fit_table,SRC-316L-PICHLER,Table 6,T_K=T; SI=value,alloy_material_dataset_v0.1.xlsx,Curve_Data,166,"{""SI_unit"": ""μΩ·m"", ""condition"": ""liquid"", ""data_kind"": ""fit_table"", ""material_id"": ""MAT-316L-SRM1155A"", ""property"": ""electrical_resistivity_IG"", ""source_id"": ""SRC-316L-PICHLER"", ""source_locator"": ""Table 6"", ""temperature_K"": ""2400"", ""transformation"": ""T_K=T; SI=value"", ""uncertainty_raw"": """", ""value_SI"": ""1.311""}"
MAT-316L-SRM1155A,electrical_resistivity_corrected,2400,K,2400,1.608,μΩ·m,1.608,μΩ·m,,liquid,fit_table,SRC-316L-PICHLER,Table 6,T_K=T; SI=value,alloy_material_dataset_v0.1.xlsx,Curve_Data,167,"{""SI_unit"": ""μΩ·m"", ""condition"": ""liquid"", ""data_kind"": ""fit_table"", ""material_id"": ""MAT-316L-SRM1155A"", ""property"": ""electrical_resistivity_corrected"", ""source_id"": ""SRC-316L-PICHLER"", ""source_locator"": ""Table 6"", ""temperature_K"": ""2400"", ""transformation"": ""T_K=T; SI=value"", ""uncertainty_raw"": """", ""value_SI"": ""1.608""}"
MAT-316L-SRM1155A,density,2400,K,2400,6461,kg/m³,6461,kg/m³,,liquid,fit_table,SRC-316L-PICHLER,Table 6,T_K=T; SI=value,alloy_material_dataset_v0.1.xlsx,Curve_Data,168,"{""SI_unit"": ""kg/m³"", ""condition"": ""liquid"", ""data_kind"": ""fit_table"", ""material_id"": ""MAT-316L-SRM1155A"", ""property"": ""density"", ""source_id"": ""SRC-316L-PICHLER"", ""source_locator"": ""Table 6"", ""temperature_K"": ""2400"", ""transformation"": ""T_K=T; SI=value"", ""uncertainty_raw"": """", ""value_SI"": ""6461""}"
MAT-316L-SRM1155A,specific_enthalpy,2500,K,2500,1783,kJ/kg,1783,kJ/kg,,liquid,fit_table,SRC-316L-PICHLER,Table 6,T_K=T; SI=value,alloy_material_dataset_v0.1.xlsx,Curve_Data,169,"{""SI_unit"": ""kJ/kg"", ""condition"": ""liquid"", ""data_kind"": ""fit_table"", ""material_id"": ""MAT-316L-SRM1155A"", ""property"": ""specific_enthalpy"", ""source_id"": ""SRC-316L-PICHLER"", ""source_locator"": ""Table 6"", ""temperature_K"": ""2500"", ""transformation"": ""T_K=T; SI=value"", ""uncertainty_raw"": """", ""value_SI"": ""1783""}"
MAT-316L-SRM1155A,electrical_resistivity_IG,2500,K,2500,1.313,μΩ·m,1.313,μΩ·m,,liquid,fit_table,SRC-316L-PICHLER,Table 6,T_K=T; SI=value,alloy_material_dataset_v0.1.xlsx,Curve_Data,170,"{""SI_unit"": ""μΩ·m"", ""condition"": ""liquid"", ""data_kind"": ""fit_table"", ""material_id"": ""MAT-316L-SRM1155A"", ""property"": ""electrical_resistivity_IG"", ""source_id"": ""SRC-316L-PICHLER"", ""source_locator"": ""Table 6"", ""temperature_K"": ""2500"", ""transformation"": ""T_K=T; SI=value"", ""uncertainty_raw"": """", ""value_SI"": ""1.313""}"
MAT-316L-SRM1155A,electrical_resistivity_corrected,2500,K,2500,1.627,μΩ·m,1.627,μΩ·m,,liquid,fit_table,SRC-316L-PICHLER,Table 6,T_K=T; SI=value,alloy_material_dataset_v0.1.xlsx,Curve_Data,171,"{""SI_unit"": ""μΩ·m"", ""condition"": ""liquid"", ""data_kind"": ""fit_table"", ""material_id"": ""MAT-316L-SRM1155A"", ""property"": ""electrical_resistivity_corrected"", ""source_id"": ""SRC-316L-PICHLER"", ""source_locator"": ""Table 6"", ""temperature_K"": ""2500"", ""transformation"": ""T_K=T; SI=value"", ""uncertainty_raw"": """", ""value_SI"": ""1.627""}"
MAT-316L-SRM1155A,density,2500,K,2500,6395,kg/m³,6395,kg/m³,,liquid,fit_table,SRC-316L-PICHLER,Table 6,T_K=T; SI=value,alloy_material_dataset_v0.1.xlsx,Curve_Data,172,"{""SI_unit"": ""kg/m³"", ""condition"": ""liquid"", ""data_kind"": ""fit_table"", ""material_id"": ""MAT-316L-SRM1155A"", ""property"": ""density"", ""source_id"": ""SRC-316L-PICHLER"", ""source_locator"": ""Table 6"", ""temperature_K"": ""2500"", ""transformation"": ""T_K=T; SI=value"", ""uncertainty_raw"": """", ""value_SI"": ""6395""}"
MAT-316L-SRM1155A,specific_enthalpy,2600,K,2600,1868,kJ/kg,1868,kJ/kg,,liquid,fit_table,SRC-316L-PICHLER,Table 6,T_K=T; SI=value,alloy_material_dataset_v0.1.xlsx,Curve_Data,173,"{""SI_unit"": ""kJ/kg"", ""condition"": ""liquid"", ""data_kind"": ""fit_table"", ""material_id"": ""MAT-316L-SRM1155A"", ""property"": ""specific_enthalpy"", ""source_id"": ""SRC-316L-PICHLER"", ""source_locator"": ""Table 6"", ""temperature_K"": ""2600"", ""transformation"": ""T_K=T; SI=value"", ""uncertainty_raw"": """", ""value_SI"": ""1868""}"
MAT-316L-SRM1155A,electrical_resistivity_IG,2600,K,2600,1.315,μΩ·m,1.315,μΩ·m,,liquid,fit_table,SRC-316L-PICHLER,Table 6,T_K=T; SI=value,alloy_material_dataset_v0.1.xlsx,Curve_Data,174,"{""SI_unit"": ""μΩ·m"", ""condition"": ""liquid"", ""data_kind"": ""fit_table"", ""material_id"": ""MAT-316L-SRM1155A"", ""property"": ""electrical_resistivity_IG"", ""source_id"": ""SRC-316L-PICHLER"", ""source_locator"": ""Table 6"", ""temperature_K"": ""2600"", ""transformation"": ""T_K=T; SI=value"", ""uncertainty_raw"": """", ""value_SI"": ""1.315""}"
MAT-316L-SRM1155A,electrical_resistivity_corrected,2600,K,2600,1.646,μΩ·m,1.646,μΩ·m,,liquid,fit_table,SRC-316L-PICHLER,Table 6,T_K=T; SI=value,alloy_material_dataset_v0.1.xlsx,Curve_Data,175,"{""SI_unit"": ""μΩ·m"", ""condition"": ""liquid"", ""data_kind"": ""fit_table"", ""material_id"": ""MAT-316L-SRM1155A"", ""property"": ""electrical_resistivity_corrected"", ""source_id"": ""SRC-316L-PICHLER"", ""source_locator"": ""Table 6"", ""temperature_K"": ""2600"", ""transformation"": ""T_K=T; SI=value"", ""uncertainty_raw"": """", ""value_SI"": ""1.646""}"
MAT-316L-SRM1155A,density,2600,K,2600,6329,kg/m³,6329,kg/m³,,liquid,fit_table,SRC-316L-PICHLER,Table 6,T_K=T; SI=value,alloy_material_dataset_v0.1.xlsx,Curve_Data,176,"{""SI_unit"": ""kg/m³"", ""condition"": ""liquid"", ""data_kind"": ""fit_table"", ""material_id"": ""MAT-316L-SRM1155A"", ""property"": ""density"", ""source_id"": ""SRC-316L-PICHLER"", ""source_locator"": ""Table 6"", ""temperature_K"": ""2600"", ""transformation"": ""T_K=T; SI=value"", ""uncertainty_raw"": """", ""value_SI"": ""6329""}"
MAT-316L-SRM1155A,specific_enthalpy,2700,K,2700,1953,kJ/kg,1953,kJ/kg,,liquid,fit_table,SRC-316L-PICHLER,Table 6,T_K=T; SI=value,alloy_material_dataset_v0.1.xlsx,Curve_Data,177,"{""SI_unit"": ""kJ/kg"", ""condition"": ""liquid"", ""data_kind"": ""fit_table"", ""material_id"": ""MAT-316L-SRM1155A"", ""property"": ""specific_enthalpy"", ""source_id"": ""SRC-316L-PICHLER"", ""source_locator"": ""Table 6"", ""temperature_K"": ""2700"", ""transformation"": ""T_K=T; SI=value"", ""uncertainty_raw"": """", ""value_SI"": ""1953""}"
MAT-316L-SRM1155A,electrical_resistivity_IG,2700,K,2700,1.317,μΩ·m,1.317,μΩ·m,,liquid,fit_table,SRC-316L-PICHLER,Table 6,T_K=T; SI=value,alloy_material_dataset_v0.1.xlsx,Curve_Data,178,"{""SI_unit"": ""μΩ·m"", ""condition"": ""liquid"", ""data_kind"": ""fit_table"", ""material_id"": ""MAT-316L-SRM1155A"", ""property"": ""electrical_resistivity_IG"", ""source_id"": ""SRC-316L-PICHLER"", ""source_locator"": ""Table 6"", ""temperature_K"": ""2700"", ""transformation"": ""T_K=T; SI=value"", ""uncertainty_raw"": """", ""value_SI"": ""1.317""}"
MAT-316L-SRM1155A,electrical_resistivity_corrected,2700,K,2700,1.665,μΩ·m,1.665,μΩ·m,,liquid,fit_table,SRC-316L-PICHLER,Table 6,T_K=T; SI=value,alloy_material_dataset_v0.1.xlsx,Curve_Data,179,"{""SI_unit"": ""μΩ·m"", ""condition"": ""liquid"", ""data_kind"": ""fit_table"", ""material_id"": ""MAT-316L-SRM1155A"", ""property"": ""electrical_resistivity_corrected"", ""source_id"": ""SRC-316L-PICHLER"", ""source_locator"": ""Table 6"", ""temperature_K"": ""2700"", ""transformation"": ""T_K=T; SI=value"", ""uncertainty_raw"": """", ""value_SI"": ""1.665""}"
MAT-316L-SRM1155A,density,2700,K,2700,6262,kg/m³,6262,kg/m³,,liquid,fit_table,SRC-316L-PICHLER,Table 6,T_K=T; SI=value,alloy_material_dataset_v0.1.xlsx,Curve_Data,180,"{""SI_unit"": ""kg/m³"", ""condition"": ""liquid"", ""data_kind"": ""fit_table"", ""material_id"": ""MAT-316L-SRM1155A"", ""property"": ""density"", ""source_id"": ""SRC-316L-PICHLER"", ""source_locator"": ""Table 6"", ""temperature_K"": ""2700"", ""transformation"": ""T_K=T; SI=value"", ""uncertainty_raw"": """", ""value_SI"": ""6262""}"
MAT-316L-SRM1155A,specific_enthalpy,2800,K,2800,2037,kJ/kg,2037,kJ/kg,,liquid,fit_table,SRC-316L-PICHLER,Table 6,T_K=T; SI=value,alloy_material_dataset_v0.1.xlsx,Curve_Data,181,"{""SI_unit"": ""kJ/kg"", ""condition"": ""liquid"", ""data_kind"": ""fit_table"", ""material_id"": ""MAT-316L-SRM1155A"", ""property"": ""specific_enthalpy"", ""source_id"": ""SRC-316L-PICHLER"", ""source_locator"": ""Table 6"", ""temperature_K"": ""2800"", ""transformation"": ""T_K=T; SI=value"", ""uncertainty_raw"": """", ""value_SI"": ""2037""}"
MAT-316L-SRM1155A,electrical_resistivity_IG,2800,K,2800,1.319,μΩ·m,1.319,μΩ·m,,liquid,fit_table,SRC-316L-PICHLER,Table 6,T_K=T; SI=value,alloy_material_dataset_v0.1.xlsx,Curve_Data,182,"{""SI_unit"": ""μΩ·m"", ""condition"": ""liquid"", ""data_kind"": ""fit_table"", ""material_id"": ""MAT-316L-SRM1155A"", ""property"": ""electrical_resistivity_IG"", ""source_id"": ""SRC-316L-PICHLER"", ""source_locator"": ""Table 6"", ""temperature_K"": ""2800"", ""transformation"": ""T_K=T; SI=value"", ""uncertainty_raw"": """", ""value_SI"": ""1.319""}"
MAT-316L-SRM1155A,electrical_resistivity_corrected,2800,K,2800,1.684,μΩ·m,1.684,μΩ·m,,liquid,fit_table,SRC-316L-PICHLER,Table 6,T_K=T; SI=value,alloy_material_dataset_v0.1.xlsx,Curve_Data,183,"{""SI_unit"": ""μΩ·m"", ""condition"": ""liquid"", ""data_kind"": ""fit_table"", ""material_id"": ""MAT-316L-SRM1155A"", ""property"": ""electrical_resistivity_corrected"", ""source_id"": ""SRC-316L-PICHLER"", ""source_locator"": ""Table 6"", ""temperature_K"": ""2800"", ""transformation"": ""T_K=T; SI=value"", ""uncertainty_raw"": """", ""value_SI"": ""1.684""}"
MAT-316L-SRM1155A,density,2800,K,2800,6196,kg/m³,6196,kg/m³,,liquid,fit_table,SRC-316L-PICHLER,Table 6,T_K=T; SI=value,alloy_material_dataset_v0.1.xlsx,Curve_Data,184,"{""SI_unit"": ""kg/m³"", ""condition"": ""liquid"", ""data_kind"": ""fit_table"", ""material_id"": ""MAT-316L-SRM1155A"", ""property"": ""density"", ""source_id"": ""SRC-316L-PICHLER"", ""source_locator"": ""Table 6"", ""temperature_K"": ""2800"", ""transformation"": ""T_K=T; SI=value"", ""uncertainty_raw"": """", ""value_SI"": ""6196""}"
MAT-IN718,youngs_modulus,70,°F,294.26111111111106,29,10³ ksi,199.947961497,GPa,,"hot-rolled flat, stated heat treatment",typical,SRC-IN718-SMC,p.5 Table 4,T_K=(T_F-32)×5/9+273.15; SI=value×6.894757,alloy_material_dataset_v0.1.xlsx,Curve_Data,185,"{""SI_unit"": ""GPa"", ""condition"": ""hot-rolled flat, stated heat treatment"", ""data_kind"": ""typical"", ""material_id"": ""MAT-IN718"", ""property"": ""youngs_modulus"", ""source_id"": ""SRC-IN718-SMC"", ""source_locator"": ""p.5 Table 4"", ""temperature_K"": ""294.26111111111106"", ""transformation"": ""T_K=(T_F-32)×5/9+273.15; SI=value×6.894757"", ""uncertainty_raw"": """", ""value_SI"": ""199.947961497""}"
MAT-IN718,shear_modulus,70,°F,294.26111111111106,11.2,10³ ksi,77.22128168159999,GPa,,"hot-rolled flat, stated heat treatment",typical,SRC-IN718-SMC,p.5 Table 4,T_K=(T_F-32)×5/9+273.15; SI=value×6.894757,alloy_material_dataset_v0.1.xlsx,Curve_Data,186,"{""SI_unit"": ""GPa"", ""condition"": ""hot-rolled flat, stated heat treatment"", ""data_kind"": ""typical"", ""material_id"": ""MAT-IN718"", ""property"": ""shear_modulus"", ""source_id"": ""SRC-IN718-SMC"", ""source_locator"": ""p.5 Table 4"", ""temperature_K"": ""294.26111111111106"", ""transformation"": ""T_K=(T_F-32)×5/9+273.15; SI=value×6.894757"", ""uncertainty_raw"": """", ""value_SI"": ""77.22128168159999""}"
MAT-IN718,poissons_ratio,70,°F,294.26111111111106,0.294,dimensionless,0.294,dimensionless,,"hot-rolled flat, stated heat treatment",typical,SRC-IN718-SMC,p.5 Table 4,T_K=(T_F-32)×5/9+273.15; SI=value,alloy_material_dataset_v0.1.xlsx,Curve_Data,187,"{""SI_unit"": ""dimensionless"", ""condition"": ""hot-rolled flat, stated heat treatment"", ""data_kind"": ""typical"", ""material_id"": ""MAT-IN718"", ""property"": ""poissons_ratio"", ""source_id"": ""SRC-IN718-SMC"", ""source_locator"": ""p.5 Table 4"", ""temperature_K"": ""294.26111111111106"", ""transformation"": ""T_K=(T_F-32)×5/9+273.15; SI=value"", ""uncertainty_raw"": """", ""value_SI"": ""0.294""}"
MAT-IN718,youngs_modulus,100,°F,310.92777777777775,28.8,10³ ksi,198.5690100384,GPa,,"hot-rolled flat, stated heat treatment",typical,SRC-IN718-SMC,p.5 Table 4,T_K=(T_F-32)×5/9+273.15; SI=value×6.894757,alloy_material_dataset_v0.1.xlsx,Curve_Data,188,"{""SI_unit"": ""GPa"", ""condition"": ""hot-rolled flat, stated heat treatment"", ""data_kind"": ""typical"", ""material_id"": ""MAT-IN718"", ""property"": ""youngs_modulus"", ""source_id"": ""SRC-IN718-SMC"", ""source_locator"": ""p.5 Table 4"", ""temperature_K"": ""310.92777777777775"", ""transformation"": ""T_K=(T_F-32)×5/9+273.15; SI=value×6.894757"", ""uncertainty_raw"": """", ""value_SI"": ""198.5690100384""}"
MAT-IN718,shear_modulus,100,°F,310.92777777777775,11.2,10³ ksi,77.22128168159999,GPa,,"hot-rolled flat, stated heat treatment",typical,SRC-IN718-SMC,p.5 Table 4,T_K=(T_F-32)×5/9+273.15; SI=value×6.894757,alloy_material_dataset_v0.1.xlsx,Curve_Data,189,"{""SI_unit"": ""GPa"", ""condition"": ""hot-rolled flat, stated heat treatment"", ""data_kind"": ""typical"", ""material_id"": ""MAT-IN718"", ""property"": ""shear_modulus"", ""source_id"": ""SRC-IN718-SMC"", ""source_locator"": ""p.5 Table 4"", ""temperature_K"": ""310.92777777777775"", ""transformation"": ""T_K=(T_F-32)×5/9+273.15; SI=value×6.894757"", ""uncertainty_raw"": """", ""value_SI"": ""77.22128168159999""}"
MAT-IN718,poissons_ratio,100,°F,310.92777777777775,0.291,dimensionless,0.291,dimensionless,,"hot-rolled flat, stated heat treatment",typical,SRC-IN718-SMC,p.5 Table 4,T_K=(T_F-32)×5/9+273.15; SI=value,alloy_material_dataset_v0.1.xlsx,Curve_Data,190,"{""SI_unit"": ""dimensionless"", ""condition"": ""hot-rolled flat, stated heat treatment"", ""data_kind"": ""typical"", ""material_id"": ""MAT-IN718"", ""property"": ""poissons_ratio"", ""source_id"": ""SRC-IN718-SMC"", ""source_locator"": ""p.5 Table 4"", ""temperature_K"": ""310.92777777777775"", ""transformation"": ""T_K=(T_F-32)×5/9+273.15; SI=value"", ""uncertainty_raw"": """", ""value_SI"": ""0.291""}"
MAT-IN718,youngs_modulus,200,°F,366.4833333333333,28.4,10³ ksi,195.81110712119997,GPa,,"hot-rolled flat, stated heat treatment",typical,SRC-IN718-SMC,p.5 Table 4,T_K=(T_F-32)×5/9+273.15; SI=value×6.894757,alloy_material_dataset_v0.1.xlsx,Curve_Data,191,"{""SI_unit"": ""GPa"", ""condition"": ""hot-rolled flat, stated heat treatment"", ""data_kind"": ""typical"", ""material_id"": ""MAT-IN718"", ""property"": ""youngs_modulus"", ""source_id"": ""SRC-IN718-SMC"", ""source_locator"": ""p.5 Table 4"", ""temperature_K"": ""366.4833333333333"", ""transformation"": ""T_K=(T_F-32)×5/9+273.15; SI=value×6.894757"", ""uncertainty_raw"": """", ""value_SI"": ""195.81110712119997""}"
MAT-IN718,shear_modulus,200,°F,366.4833333333333,11,10³ ksi,75.84233022299999,GPa,,"hot-rolled flat, stated heat treatment",typical,SRC-IN718-SMC,p.5 Table 4,T_K=(T_F-32)×5/9+273.15; SI=value×6.894757,alloy_material_dataset_v0.1.xlsx,Curve_Data,192,"{""SI_unit"": ""GPa"", ""condition"": ""hot-rolled flat, stated heat treatment"", ""data_kind"": ""typical"", ""material_id"": ""MAT-IN718"", ""property"": ""shear_modulus"", ""source_id"": ""SRC-IN718-SMC"", ""source_locator"": ""p.5 Table 4"", ""temperature_K"": ""366.4833333333333"", ""transformation"": ""T_K=(T_F-32)×5/9+273.15; SI=value×6.894757"", ""uncertainty_raw"": """", ""value_SI"": ""75.84233022299999""}"
MAT-IN718,poissons_ratio,200,°F,366.4833333333333,0.288,dimensionless,0.288,dimensionless,,"hot-rolled flat, stated heat treatment",typical,SRC-IN718-SMC,p.5 Table 4,T_K=(T_F-32)×5/9+273.15; SI=value,alloy_material_dataset_v0.1.xlsx,Curve_Data,193,"{""SI_unit"": ""dimensionless"", ""condition"": ""hot-rolled flat, stated heat treatment"", ""data_kind"": ""typical"", ""material_id"": ""MAT-IN718"", ""property"": ""poissons_ratio"", ""source_id"": ""SRC-IN718-SMC"", ""source_locator"": ""p.5 Table 4"", ""temperature_K"": ""366.4833333333333"", ""transformation"": ""T_K=(T_F-32)×5/9+273.15; SI=value"", ""uncertainty_raw"": """", ""value_SI"": ""0.288""}"
MAT-IN718,youngs_modulus,300,°F,422.0388888888889,28,10³ ksi,193.053204204,GPa,,"hot-rolled flat, stated heat treatment",typical,SRC-IN718-SMC,p.5 Table 4,T_K=(T_F-32)×5/9+273.15; SI=value×6.894757,alloy_material_dataset_v0.1.xlsx,Curve_Data,194,"{""SI_unit"": ""GPa"", ""condition"": ""hot-rolled flat, stated heat treatment"", ""data_kind"": ""typical"", ""material_id"": ""MAT-IN718"", ""property"": ""youngs_modulus"", ""source_id"": ""SRC-IN718-SMC"", ""source_locator"": ""p.5 Table 4"", ""temperature_K"": ""422.0388888888889"", ""transformation"": ""T_K=(T_F-32)×5/9+273.15; SI=value×6.894757"", ""uncertainty_raw"": """", ""value_SI"": ""193.053204204""}"
MAT-IN718,shear_modulus,300,°F,422.0388888888889,10.9,10³ ksi,75.1528544937,GPa,,"hot-rolled flat, stated heat treatment",typical,SRC-IN718-SMC,p.5 Table 4,T_K=(T_F-32)×5/9+273.15; SI=value×6.894757,alloy_material_dataset_v0.1.xlsx,Curve_Data,195,"{""SI_unit"": ""GPa"", ""condition"": ""hot-rolled flat, stated heat treatment"", ""data_kind"": ""typical"", ""material_id"": ""MAT-IN718"", ""property"": ""shear_modulus"", ""source_id"": ""SRC-IN718-SMC"", ""source_locator"": ""p.5 Table 4"", ""temperature_K"": ""422.0388888888889"", ""transformation"": ""T_K=(T_F-32)×5/9+273.15; SI=value×6.894757"", ""uncertainty_raw"": """", ""value_SI"": ""75.1528544937""}"
MAT-IN718,poissons_ratio,300,°F,422.0388888888889,0.28,dimensionless,0.28,dimensionless,,"hot-rolled flat, stated heat treatment",typical,SRC-IN718-SMC,p.5 Table 4,T_K=(T_F-32)×5/9+273.15; SI=value,alloy_material_dataset_v0.1.xlsx,Curve_Data,196,"{""SI_unit"": ""dimensionless"", ""condition"": ""hot-rolled flat, stated heat treatment"", ""data_kind"": ""typical"", ""material_id"": ""MAT-IN718"", ""property"": ""poissons_ratio"", ""source_id"": ""SRC-IN718-SMC"", ""source_locator"": ""p.5 Table 4"", ""temperature_K"": ""422.0388888888889"", ""transformation"": ""T_K=(T_F-32)×5/9+273.15; SI=value"", ""uncertainty_raw"": """", ""value_SI"": ""0.28""}"
MAT-IN718,youngs_modulus,400,°F,477.59444444444443,27.6,10³ ksi,190.2953012868,GPa,,"hot-rolled flat, stated heat treatment",typical,SRC-IN718-SMC,p.5 Table 4,T_K=(T_F-32)×5/9+273.15; SI=value×6.894757,alloy_material_dataset_v0.1.xlsx,Curve_Data,197,"{""SI_unit"": ""GPa"", ""condition"": ""hot-rolled flat, stated heat treatment"", ""data_kind"": ""typical"", ""material_id"": ""MAT-IN718"", ""property"": ""youngs_modulus"", ""source_id"": ""SRC-IN718-SMC"", ""source_locator"": ""p.5 Table 4"", ""temperature_K"": ""477.59444444444443"", ""transformation"": ""T_K=(T_F-32)×5/9+273.15; SI=value×6.894757"", ""uncertainty_raw"": """", ""value_SI"": ""190.2953012868""}"
MAT-IN718,shear_modulus,400,°F,477.59444444444443,10.8,10³ ksi,74.4633787644,GPa,,"hot-rolled flat, stated heat treatment",typical,SRC-IN718-SMC,p.5 Table 4,T_K=(T_F-32)×5/9+273.15; SI=value×6.894757,alloy_material_dataset_v0.1.xlsx,Curve_Data,198,"{""SI_unit"": ""GPa"", ""condition"": ""hot-rolled flat, stated heat treatment"", ""data_kind"": ""typical"", ""material_id"": ""MAT-IN718"", ""property"": ""shear_modulus"", ""source_id"": ""SRC-IN718-SMC"", ""source_locator"": ""p.5 Table 4"", ""temperature_K"": ""477.59444444444443"", ""transformation"": ""T_K=(T_F-32)×5/9+273.15; SI=value×6.894757"", ""uncertainty_raw"": """", ""value_SI"": ""74.4633787644""}"
MAT-IN718,poissons_ratio,400,°F,477.59444444444443,0.28,dimensionless,0.28,dimensionless,,"hot-rolled flat, stated heat treatment",typical,SRC-IN718-SMC,p.5 Table 4,T_K=(T_F-32)×5/9+273.15; SI=value,alloy_material_dataset_v0.1.xlsx,Curve_Data,199,"{""SI_unit"": ""dimensionless"", ""condition"": ""hot-rolled flat, stated heat treatment"", ""data_kind"": ""typical"", ""material_id"": ""MAT-IN718"", ""property"": ""poissons_ratio"", ""source_id"": ""SRC-IN718-SMC"", ""source_locator"": ""p.5 Table 4"", ""temperature_K"": ""477.59444444444443"", ""transformation"": ""T_K=(T_F-32)×5/9+273.15; SI=value"", ""uncertainty_raw"": """", ""value_SI"": ""0.28""}"
MAT-IN718,youngs_modulus,500,°F,533.15,27.1,10³ ksi,186.8479226403,GPa,,"hot-rolled flat, stated heat treatment",typical,SRC-IN718-SMC,p.5 Table 4,T_K=(T_F-32)×5/9+273.15; SI=value×6.894757,alloy_material_dataset_v0.1.xlsx,Curve_Data,200,"{""SI_unit"": ""GPa"", ""condition"": ""hot-rolled flat, stated heat treatment"", ""data_kind"": ""typical"", ""material_id"": ""MAT-IN718"", ""property"": ""youngs_modulus"", ""source_id"": ""SRC-IN718-SMC"", ""source_locator"": ""p.5 Table 4"", ""temperature_K"": ""533.15"", ""transformation"": ""T_K=(T_F-32)×5/9+273.15; SI=value×6.894757"", ""uncertainty_raw"": """", ""value_SI"": ""186.8479226403""}"
MAT-IN718,shear_modulus,500,°F,533.15,10.6,10³ ksi,73.08442730579999,GPa,,"hot-rolled flat, stated heat treatment",typical,SRC-IN718-SMC,p.5 Table 4,T_K=(T_F-32)×5/9+273.15; SI=value×6.894757,alloy_material_dataset_v0.1.xlsx,Curve_Data,201,"{""SI_unit"": ""GPa"", ""condition"": ""hot-rolled flat, stated heat treatment"", ""data_kind"": ""typical"", ""material_id"": ""MAT-IN718"", ""property"": ""shear_modulus"", ""source_id"": ""SRC-IN718-SMC"", ""source_locator"": ""p.5 Table 4"", ""temperature_K"": ""533.15"", ""transformation"": ""T_K=(T_F-32)×5/9+273.15; SI=value×6.894757"", ""uncertainty_raw"": """", ""value_SI"": ""73.08442730579999""}"
MAT-IN718,poissons_ratio,500,°F,533.15,0.275,dimensionless,0.275,dimensionless,,"hot-rolled flat, stated heat treatment",typical,SRC-IN718-SMC,p.5 Table 4,T_K=(T_F-32)×5/9+273.15; SI=value,alloy_material_dataset_v0.1.xlsx,Curve_Data,202,"{""SI_unit"": ""dimensionless"", ""condition"": ""hot-rolled flat, stated heat treatment"", ""data_kind"": ""typical"", ""material_id"": ""MAT-IN718"", ""property"": ""poissons_ratio"", ""source_id"": ""SRC-IN718-SMC"", ""source_locator"": ""p.5 Table 4"", ""temperature_K"": ""533.15"", ""transformation"": ""T_K=(T_F-32)×5/9+273.15; SI=value"", ""uncertainty_raw"": """", ""value_SI"": ""0.275""}"
MAT-IN718,youngs_modulus,600,°F,588.7055555555555,26.7,10³ ksi,184.09001972309997,GPa,,"hot-rolled flat, stated heat treatment",typical,SRC-IN718-SMC,p.5 Table 4,T_K=(T_F-32)×5/9+273.15; SI=value×6.894757,alloy_material_dataset_v0.1.xlsx,Curve_Data,203,"{""SI_unit"": ""GPa"", ""condition"": ""hot-rolled flat, stated heat treatment"", ""data_kind"": ""typical"", ""material_id"": ""MAT-IN718"", ""property"": ""youngs_modulus"", ""source_id"": ""SRC-IN718-SMC"", ""source_locator"": ""p.5 Table 4"", ""temperature_K"": ""588.7055555555555"", ""transformation"": ""T_K=(T_F-32)×5/9+273.15; SI=value×6.894757"", ""uncertainty_raw"": """", ""value_SI"": ""184.09001972309997""}"
MAT-IN718,shear_modulus,600,°F,588.7055555555555,10.5,10³ ksi,72.39495157649999,GPa,,"hot-rolled flat, stated heat treatment",typical,SRC-IN718-SMC,p.5 Table 4,T_K=(T_F-32)×5/9+273.15; SI=value×6.894757,alloy_material_dataset_v0.1.xlsx,Curve_Data,204,"{""SI_unit"": ""GPa"", ""condition"": ""hot-rolled flat, stated heat treatment"", ""data_kind"": ""typical"", ""material_id"": ""MAT-IN718"", ""property"": ""shear_modulus"", ""source_id"": ""SRC-IN718-SMC"", ""source_locator"": ""p.5 Table 4"", ""temperature_K"": ""588.7055555555555"", ""transformation"": ""T_K=(T_F-32)×5/9+273.15; SI=value×6.894757"", ""uncertainty_raw"": """", ""value_SI"": ""72.39495157649999""}"
MAT-IN718,poissons_ratio,600,°F,588.7055555555555,0.272,dimensionless,0.272,dimensionless,,"hot-rolled flat, stated heat treatment",typical,SRC-IN718-SMC,p.5 Table 4,T_K=(T_F-32)×5/9+273.15; SI=value,alloy_material_dataset_v0.1.xlsx,Curve_Data,205,"{""SI_unit"": ""dimensionless"", ""condition"": ""hot-rolled flat, stated heat treatment"", ""data_kind"": ""typical"", ""material_id"": ""MAT-IN718"", ""property"": ""poissons_ratio"", ""source_id"": ""SRC-IN718-SMC"", ""source_locator"": ""p.5 Table 4"", ""temperature_K"": ""588.7055555555555"", ""transformation"": ""T_K=(T_F-32)×5/9+273.15; SI=value"", ""uncertainty_raw"": """", ""value_SI"": ""0.272""}"
MAT-IN718,youngs_modulus,700,°F,644.2611111111111,26.2,10³ ksi,180.64264107659997,GPa,,"hot-rolled flat, stated heat treatment",typical,SRC-IN718-SMC,p.5 Table 4,T_K=(T_F-32)×5/9+273.15; SI=value×6.894757,alloy_material_dataset_v0.1.xlsx,Curve_Data,206,"{""SI_unit"": ""GPa"", ""condition"": ""hot-rolled flat, stated heat treatment"", ""data_kind"": ""typical"", ""material_id"": ""MAT-IN718"", ""property"": ""youngs_modulus"", ""source_id"": ""SRC-IN718-SMC"", ""source_locator"": ""p.5 Table 4"", ""temperature_K"": ""644.2611111111111"", ""transformation"": ""T_K=(T_F-32)×5/9+273.15; SI=value×6.894757"", ""uncertainty_raw"": """", ""value_SI"": ""180.64264107659997""}"
MAT-IN718,shear_modulus,700,°F,644.2611111111111,10.3,10³ ksi,71.0160001179,GPa,,"hot-rolled flat, stated heat treatment",typical,SRC-IN718-SMC,p.5 Table 4,T_K=(T_F-32)×5/9+273.15; SI=value×6.894757,alloy_material_dataset_v0.1.xlsx,Curve_Data,207,"{""SI_unit"": ""GPa"", ""condition"": ""hot-rolled flat, stated heat treatment"", ""data_kind"": ""typical"", ""material_id"": ""MAT-IN718"", ""property"": ""shear_modulus"", ""source_id"": ""SRC-IN718-SMC"", ""source_locator"": ""p.5 Table 4"", ""temperature_K"": ""644.2611111111111"", ""transformation"": ""T_K=(T_F-32)×5/9+273.15; SI=value×6.894757"", ""uncertainty_raw"": """", ""value_SI"": ""71.0160001179""}"
MAT-IN718,poissons_ratio,700,°F,644.2611111111111,0.273,dimensionless,0.273,dimensionless,,"hot-rolled flat, stated heat treatment",typical,SRC-IN718-SMC,p.5 Table 4,T_K=(T_F-32)×5/9+273.15; SI=value,alloy_material_dataset_v0.1.xlsx,Curve_Data,208,"{""SI_unit"": ""dimensionless"", ""condition"": ""hot-rolled flat, stated heat treatment"", ""data_kind"": ""typical"", ""material_id"": ""MAT-IN718"", ""property"": ""poissons_ratio"", ""source_id"": ""SRC-IN718-SMC"", ""source_locator"": ""p.5 Table 4"", ""temperature_K"": ""644.2611111111111"", ""transformation"": ""T_K=(T_F-32)×5/9+273.15; SI=value"", ""uncertainty_raw"": """", ""value_SI"": ""0.273""}"
MAT-IN718,youngs_modulus,800,°F,699.8166666666666,25.8,10³ ksi,177.8847381594,GPa,,"hot-rolled flat, stated heat treatment",typical,SRC-IN718-SMC,p.5 Table 4,T_K=(T_F-32)×5/9+273.15; SI=value×6.894757,alloy_material_dataset_v0.1.xlsx,Curve_Data,209,"{""SI_unit"": ""GPa"", ""condition"": ""hot-rolled flat, stated heat treatment"", ""data_kind"": ""typical"", ""material_id"": ""MAT-IN718"", ""property"": ""youngs_modulus"", ""source_id"": ""SRC-IN718-SMC"", ""source_locator"": ""p.5 Table 4"", ""temperature_K"": ""699.8166666666666"", ""transformation"": ""T_K=(T_F-32)×5/9+273.15; SI=value×6.894757"", ""uncertainty_raw"": """", ""value_SI"": ""177.8847381594""}"
MAT-IN718,shear_modulus,800,°F,699.8166666666666,10.1,10³ ksi,69.63704865929999,GPa,,"hot-rolled flat, stated heat treatment",typical,SRC-IN718-SMC,p.5 Table 4,T_K=(T_F-32)×5/9+273.15; SI=value×6.894757,alloy_material_dataset_v0.1.xlsx,Curve_Data,210,"{""SI_unit"": ""GPa"", ""condition"": ""hot-rolled flat, stated heat treatment"", ""data_kind"": ""typical"", ""material_id"": ""MAT-IN718"", ""property"": ""shear_modulus"", ""source_id"": ""SRC-IN718-SMC"", ""source_locator"": ""p.5 Table 4"", ""temperature_K"": ""699.8166666666666"", ""transformation"": ""T_K=(T_F-32)×5/9+273.15; SI=value×6.894757"", ""uncertainty_raw"": """", ""value_SI"": ""69.63704865929999""}"
MAT-IN718,poissons_ratio,800,°F,699.8166666666666,0.271,dimensionless,0.271,dimensionless,,"hot-rolled flat, stated heat treatment",typical,SRC-IN718-SMC,p.5 Table 4,T_K=(T_F-32)×5/9+273.15; SI=value,alloy_material_dataset_v0.1.xlsx,Curve_Data,211,"{""SI_unit"": ""dimensionless"", ""condition"": ""hot-rolled flat, stated heat treatment"", ""data_kind"": ""typical"", ""material_id"": ""MAT-IN718"", ""property"": ""poissons_ratio"", ""source_id"": ""SRC-IN718-SMC"", ""source_locator"": ""p.5 Table 4"", ""temperature_K"": ""699.8166666666666"", ""transformation"": ""T_K=(T_F-32)×5/9+273.15; SI=value"", ""uncertainty_raw"": """", ""value_SI"": ""0.271""}"
MAT-IN718,youngs_modulus,900,°F,755.3722222222223,25.3,10³ ksi,174.4373595129,GPa,,"hot-rolled flat, stated heat treatment",typical,SRC-IN718-SMC,p.5 Table 4,T_K=(T_F-32)×5/9+273.15; SI=value×6.894757,alloy_material_dataset_v0.1.xlsx,Curve_Data,212,"{""SI_unit"": ""GPa"", ""condition"": ""hot-rolled flat, stated heat treatment"", ""data_kind"": ""typical"", ""material_id"": ""MAT-IN718"", ""property"": ""youngs_modulus"", ""source_id"": ""SRC-IN718-SMC"", ""source_locator"": ""p.5 Table 4"", ""temperature_K"": ""755.3722222222223"", ""transformation"": ""T_K=(T_F-32)×5/9+273.15; SI=value×6.894757"", ""uncertainty_raw"": """", ""value_SI"": ""174.4373595129""}"
MAT-IN718,shear_modulus,900,°F,755.3722222222223,9.9,10³ ksi,68.25809720069999,GPa,,"hot-rolled flat, stated heat treatment",typical,SRC-IN718-SMC,p.5 Table 4,T_K=(T_F-32)×5/9+273.15; SI=value×6.894757,alloy_material_dataset_v0.1.xlsx,Curve_Data,213,"{""SI_unit"": ""GPa"", ""condition"": ""hot-rolled flat, stated heat treatment"", ""data_kind"": ""typical"", ""material_id"": ""MAT-IN718"", ""property"": ""shear_modulus"", ""source_id"": ""SRC-IN718-SMC"", ""source_locator"": ""p.5 Table 4"", ""temperature_K"": ""755.3722222222223"", ""transformation"": ""T_K=(T_F-32)×5/9+273.15; SI=value×6.894757"", ""uncertainty_raw"": """", ""value_SI"": ""68.25809720069999""}"
MAT-IN718,poissons_ratio,900,°F,755.3722222222223,0.272,dimensionless,0.272,dimensionless,,"hot-rolled flat, stated heat treatment",typical,SRC-IN718-SMC,p.5 Table 4,T_K=(T_F-32)×5/9+273.15; SI=value,alloy_material_dataset_v0.1.xlsx,Curve_Data,214,"{""SI_unit"": ""dimensionless"", ""condition"": ""hot-rolled flat, stated heat treatment"", ""data_kind"": ""typical"", ""material_id"": ""MAT-IN718"", ""property"": ""poissons_ratio"", ""source_id"": ""SRC-IN718-SMC"", ""source_locator"": ""p.5 Table 4"", ""temperature_K"": ""755.3722222222223"", ""transformation"": ""T_K=(T_F-32)×5/9+273.15; SI=value"", ""uncertainty_raw"": """", ""value_SI"": ""0.272""}"
MAT-IN718,youngs_modulus,1000,°F,810.9277777777778,24.8,10³ ksi,170.9899808664,GPa,,"hot-rolled flat, stated heat treatment",typical,SRC-IN718-SMC,p.5 Table 4,T_K=(T_F-32)×5/9+273.15; SI=value×6.894757,alloy_material_dataset_v0.1.xlsx,Curve_Data,215,"{""SI_unit"": ""GPa"", ""condition"": ""hot-rolled flat, stated heat treatment"", ""data_kind"": ""typical"", ""material_id"": ""MAT-IN718"", ""property"": ""youngs_modulus"", ""source_id"": ""SRC-IN718-SMC"", ""source_locator"": ""p.5 Table 4"", ""temperature_K"": ""810.9277777777778"", ""transformation"": ""T_K=(T_F-32)×5/9+273.15; SI=value×6.894757"", ""uncertainty_raw"": """", ""value_SI"": ""170.9899808664""}"
MAT-IN718,shear_modulus,1000,°F,810.9277777777778,9.7,10³ ksi,66.8791457421,GPa,,"hot-rolled flat, stated heat treatment",typical,SRC-IN718-SMC,p.5 Table 4,T_K=(T_F-32)×5/9+273.15; SI=value×6.894757,alloy_material_dataset_v0.1.xlsx,Curve_Data,216,"{""SI_unit"": ""GPa"", ""condition"": ""hot-rolled flat, stated heat treatment"", ""data_kind"": ""typical"", ""material_id"": ""MAT-IN718"", ""property"": ""shear_modulus"", ""source_id"": ""SRC-IN718-SMC"", ""source_locator"": ""p.5 Table 4"", ""temperature_K"": ""810.9277777777778"", ""transformation"": ""T_K=(T_F-32)×5/9+273.15; SI=value×6.894757"", ""uncertainty_raw"": """", ""value_SI"": ""66.8791457421""}"
MAT-IN718,poissons_ratio,1000,°F,810.9277777777778,0.271,dimensionless,0.271,dimensionless,,"hot-rolled flat, stated heat treatment",typical,SRC-IN718-SMC,p.5 Table 4,T_K=(T_F-32)×5/9+273.15; SI=value,alloy_material_dataset_v0.1.xlsx,Curve_Data,217,"{""SI_unit"": ""dimensionless"", ""condition"": ""hot-rolled flat, stated heat treatment"", ""data_kind"": ""typical"", ""material_id"": ""MAT-IN718"", ""property"": ""poissons_ratio"", ""source_id"": ""SRC-IN718-SMC"", ""source_locator"": ""p.5 Table 4"", ""temperature_K"": ""810.9277777777778"", ""transformation"": ""T_K=(T_F-32)×5/9+273.15; SI=value"", ""uncertainty_raw"": """", ""value_SI"": ""0.271""}"
MAT-IN718,youngs_modulus,1100,°F,866.4833333333333,24.2,10³ ksi,166.85312649059998,GPa,,"hot-rolled flat, stated heat treatment",typical,SRC-IN718-SMC,p.5 Table 4,T_K=(T_F-32)×5/9+273.15; SI=value×6.894757,alloy_material_dataset_v0.1.xlsx,Curve_Data,218,"{""SI_unit"": ""GPa"", ""condition"": ""hot-rolled flat, stated heat treatment"", ""data_kind"": ""typical"", ""material_id"": ""MAT-IN718"", ""property"": ""youngs_modulus"", ""source_id"": ""SRC-IN718-SMC"", ""source_locator"": ""p.5 Table 4"", ""temperature_K"": ""866.4833333333333"", ""transformation"": ""T_K=(T_F-32)×5/9+273.15; SI=value×6.894757"", ""uncertainty_raw"": """", ""value_SI"": ""166.85312649059998""}"
MAT-IN718,shear_modulus,1100,°F,866.4833333333333,9.5,10³ ksi,65.5001942835,GPa,,"hot-rolled flat, stated heat treatment",typical,SRC-IN718-SMC,p.5 Table 4,T_K=(T_F-32)×5/9+273.15; SI=value×6.894757,alloy_material_dataset_v0.1.xlsx,Curve_Data,219,"{""SI_unit"": ""GPa"", ""condition"": ""hot-rolled flat, stated heat treatment"", ""data_kind"": ""typical"", ""material_id"": ""MAT-IN718"", ""property"": ""shear_modulus"", ""source_id"": ""SRC-IN718-SMC"", ""source_locator"": ""p.5 Table 4"", ""temperature_K"": ""866.4833333333333"", ""transformation"": ""T_K=(T_F-32)×5/9+273.15; SI=value×6.894757"", ""uncertainty_raw"": """", ""value_SI"": ""65.5001942835""}"
MAT-IN718,poissons_ratio,1100,°F,866.4833333333333,0.276,dimensionless,0.276,dimensionless,,"hot-rolled flat, stated heat treatment",typical,SRC-IN718-SMC,p.5 Table 4,T_K=(T_F-32)×5/9+273.15; SI=value,alloy_material_dataset_v0.1.xlsx,Curve_Data,220,"{""SI_unit"": ""dimensionless"", ""condition"": ""hot-rolled flat, stated heat treatment"", ""data_kind"": ""typical"", ""material_id"": ""MAT-IN718"", ""property"": ""poissons_ratio"", ""source_id"": ""SRC-IN718-SMC"", ""source_locator"": ""p.5 Table 4"", ""temperature_K"": ""866.4833333333333"", ""transformation"": ""T_K=(T_F-32)×5/9+273.15; SI=value"", ""uncertainty_raw"": """", ""value_SI"": ""0.276""}"
MAT-IN718,youngs_modulus,1200,°F,922.0388888888889,23.7,10³ ksi,163.40574784409998,GPa,,"hot-rolled flat, stated heat treatment",typical,SRC-IN718-SMC,p.5 Table 4,T_K=(T_F-32)×5/9+273.15; SI=value×6.894757,alloy_material_dataset_v0.1.xlsx,Curve_Data,221,"{""SI_unit"": ""GPa"", ""condition"": ""hot-rolled flat, stated heat treatment"", ""data_kind"": ""typical"", ""material_id"": ""MAT-IN718"", ""property"": ""youngs_modulus"", ""source_id"": ""SRC-IN718-SMC"", ""source_locator"": ""p.5 Table 4"", ""temperature_K"": ""922.0388888888889"", ""transformation"": ""T_K=(T_F-32)×5/9+273.15; SI=value×6.894757"", ""uncertainty_raw"": """", ""value_SI"": ""163.40574784409998""}"
MAT-IN718,shear_modulus,1200,°F,922.0388888888889,9.2,10³ ksi,63.431767095599994,GPa,,"hot-rolled flat, stated heat treatment",typical,SRC-IN718-SMC,p.5 Table 4,T_K=(T_F-32)×5/9+273.15; SI=value×6.894757,alloy_material_dataset_v0.1.xlsx,Curve_Data,222,"{""SI_unit"": ""GPa"", ""condition"": ""hot-rolled flat, stated heat treatment"", ""data_kind"": ""typical"", ""material_id"": ""MAT-IN718"", ""property"": ""shear_modulus"", ""source_id"": ""SRC-IN718-SMC"", ""source_locator"": ""p.5 Table 4"", ""temperature_K"": ""922.0388888888889"", ""transformation"": ""T_K=(T_F-32)×5/9+273.15; SI=value×6.894757"", ""uncertainty_raw"": """", ""value_SI"": ""63.431767095599994""}"
MAT-IN718,poissons_ratio,1200,°F,922.0388888888889,0.283,dimensionless,0.283,dimensionless,,"hot-rolled flat, stated heat treatment",typical,SRC-IN718-SMC,p.5 Table 4,T_K=(T_F-32)×5/9+273.15; SI=value,alloy_material_dataset_v0.1.xlsx,Curve_Data,223,"{""SI_unit"": ""dimensionless"", ""condition"": ""hot-rolled flat, stated heat treatment"", ""data_kind"": ""typical"", ""material_id"": ""MAT-IN718"", ""property"": ""poissons_ratio"", ""source_id"": ""SRC-IN718-SMC"", ""source_locator"": ""p.5 Table 4"", ""temperature_K"": ""922.0388888888889"", ""transformation"": ""T_K=(T_F-32)×5/9+273.15; SI=value"", ""uncertainty_raw"": """", ""value_SI"": ""0.283""}"
MAT-IN718,youngs_modulus,1300,°F,977.5944444444444,23,10³ ksi,158.57941773899998,GPa,,"hot-rolled flat, stated heat treatment",typical,SRC-IN718-SMC,p.5 Table 4,T_K=(T_F-32)×5/9+273.15; SI=value×6.894757,alloy_material_dataset_v0.1.xlsx,Curve_Data,224,"{""SI_unit"": ""GPa"", ""condition"": ""hot-rolled flat, stated heat treatment"", ""data_kind"": ""typical"", ""material_id"": ""MAT-IN718"", ""property"": ""youngs_modulus"", ""source_id"": ""SRC-IN718-SMC"", ""source_locator"": ""p.5 Table 4"", ""temperature_K"": ""977.5944444444444"", ""transformation"": ""T_K=(T_F-32)×5/9+273.15; SI=value×6.894757"", ""uncertainty_raw"": """", ""value_SI"": ""158.57941773899998""}"
MAT-IN718,shear_modulus,1300,°F,977.5944444444444,8.9,10³ ksi,61.3633399077,GPa,,"hot-rolled flat, stated heat treatment",typical,SRC-IN718-SMC,p.5 Table 4,T_K=(T_F-32)×5/9+273.15; SI=value×6.894757,alloy_material_dataset_v0.1.xlsx,Curve_Data,225,"{""SI_unit"": ""GPa"", ""condition"": ""hot-rolled flat, stated heat treatment"", ""data_kind"": ""typical"", ""material_id"": ""MAT-IN718"", ""property"": ""shear_modulus"", ""source_id"": ""SRC-IN718-SMC"", ""source_locator"": ""p.5 Table 4"", ""temperature_K"": ""977.5944444444444"", ""transformation"": ""T_K=(T_F-32)×5/9+273.15; SI=value×6.894757"", ""uncertainty_raw"": """", ""value_SI"": ""61.3633399077""}"
MAT-IN718,poissons_ratio,1300,°F,977.5944444444444,0.292,dimensionless,0.292,dimensionless,,"hot-rolled flat, stated heat treatment",typical,SRC-IN718-SMC,p.5 Table 4,T_K=(T_F-32)×5/9+273.15; SI=value,alloy_material_dataset_v0.1.xlsx,Curve_Data,226,"{""SI_unit"": ""dimensionless"", ""condition"": ""hot-rolled flat, stated heat treatment"", ""data_kind"": ""typical"", ""material_id"": ""MAT-IN718"", ""property"": ""poissons_ratio"", ""source_id"": ""SRC-IN718-SMC"", ""source_locator"": ""p.5 Table 4"", ""temperature_K"": ""977.5944444444444"", ""transformation"": ""T_K=(T_F-32)×5/9+273.15; SI=value"", ""uncertainty_raw"": """", ""value_SI"": ""0.292""}"
MAT-IN718,youngs_modulus,1400,°F,1033.15,22.3,10³ ksi,153.7530876339,GPa,,"hot-rolled flat, stated heat treatment",typical,SRC-IN718-SMC,p.5 Table 4,T_K=(T_F-32)×5/9+273.15; SI=value×6.894757,alloy_material_dataset_v0.1.xlsx,Curve_Data,227,"{""SI_unit"": ""GPa"", ""condition"": ""hot-rolled flat, stated heat treatment"", ""data_kind"": ""typical"", ""material_id"": ""MAT-IN718"", ""property"": ""youngs_modulus"", ""source_id"": ""SRC-IN718-SMC"", ""source_locator"": ""p.5 Table 4"", ""temperature_K"": ""1033.15"", ""transformation"": ""T_K=(T_F-32)×5/9+273.15; SI=value×6.894757"", ""uncertainty_raw"": """", ""value_SI"": ""153.7530876339""}"
MAT-IN718,shear_modulus,1400,°F,1033.15,8.5,10³ ksi,58.605436990499996,GPa,,"hot-rolled flat, stated heat treatment",typical,SRC-IN718-SMC,p.5 Table 4,T_K=(T_F-32)×5/9+273.15; SI=value×6.894757,alloy_material_dataset_v0.1.xlsx,Curve_Data,228,"{""SI_unit"": ""GPa"", ""condition"": ""hot-rolled flat, stated heat treatment"", ""data_kind"": ""typical"", ""material_id"": ""MAT-IN718"", ""property"": ""shear_modulus"", ""source_id"": ""SRC-IN718-SMC"", ""source_locator"": ""p.5 Table 4"", ""temperature_K"": ""1033.15"", ""transformation"": ""T_K=(T_F-32)×5/9+273.15; SI=value×6.894757"", ""uncertainty_raw"": """", ""value_SI"": ""58.605436990499996""}"
MAT-IN718,poissons_ratio,1400,°F,1033.15,0.306,dimensionless,0.306,dimensionless,,"hot-rolled flat, stated heat treatment",typical,SRC-IN718-SMC,p.5 Table 4,T_K=(T_F-32)×5/9+273.15; SI=value,alloy_material_dataset_v0.1.xlsx,Curve_Data,229,"{""SI_unit"": ""dimensionless"", ""condition"": ""hot-rolled flat, stated heat treatment"", ""data_kind"": ""typical"", ""material_id"": ""MAT-IN718"", ""property"": ""poissons_ratio"", ""source_id"": ""SRC-IN718-SMC"", ""source_locator"": ""p.5 Table 4"", ""temperature_K"": ""1033.15"", ""transformation"": ""T_K=(T_F-32)×5/9+273.15; SI=value"", ""uncertainty_raw"": """", ""value_SI"": ""0.306""}"
MAT-IN718,youngs_modulus,1500,°F,1088.7055555555555,21.3,10³ ksi,146.8583303409,GPa,,"hot-rolled flat, stated heat treatment",typical,SRC-IN718-SMC,p.5 Table 4,T_K=(T_F-32)×5/9+273.15; SI=value×6.894757,alloy_material_dataset_v0.1.xlsx,Curve_Data,230,"{""SI_unit"": ""GPa"", ""condition"": ""hot-rolled flat, stated heat treatment"", ""data_kind"": ""typical"", ""material_id"": ""MAT-IN718"", ""property"": ""youngs_modulus"", ""source_id"": ""SRC-IN718-SMC"", ""source_locator"": ""p.5 Table 4"", ""temperature_K"": ""1088.7055555555555"", ""transformation"": ""T_K=(T_F-32)×5/9+273.15; SI=value×6.894757"", ""uncertainty_raw"": """", ""value_SI"": ""146.8583303409""}"
MAT-IN718,shear_modulus,1500,°F,1088.7055555555555,8.1,10³ ksi,55.8475340733,GPa,,"hot-rolled flat, stated heat treatment",typical,SRC-IN718-SMC,p.5 Table 4,T_K=(T_F-32)×5/9+273.15; SI=value×6.894757,alloy_material_dataset_v0.1.xlsx,Curve_Data,231,"{""SI_unit"": ""GPa"", ""condition"": ""hot-rolled flat, stated heat treatment"", ""data_kind"": ""typical"", ""material_id"": ""MAT-IN718"", ""property"": ""shear_modulus"", ""source_id"": ""SRC-IN718-SMC"", ""source_locator"": ""p.5 Table 4"", ""temperature_K"": ""1088.7055555555555"", ""transformation"": ""T_K=(T_F-32)×5/9+273.15; SI=value×6.894757"", ""uncertainty_raw"": """", ""value_SI"": ""55.8475340733""}"
MAT-IN718,poissons_ratio,1500,°F,1088.7055555555555,0.321,dimensionless,0.321,dimensionless,,"hot-rolled flat, stated heat treatment",typical,SRC-IN718-SMC,p.5 Table 4,T_K=(T_F-32)×5/9+273.15; SI=value,alloy_material_dataset_v0.1.xlsx,Curve_Data,232,"{""SI_unit"": ""dimensionless"", ""condition"": ""hot-rolled flat, stated heat treatment"", ""data_kind"": ""typical"", ""material_id"": ""MAT-IN718"", ""property"": ""poissons_ratio"", ""source_id"": ""SRC-IN718-SMC"", ""source_locator"": ""p.5 Table 4"", ""temperature_K"": ""1088.7055555555555"", ""transformation"": ""T_K=(T_F-32)×5/9+273.15; SI=value"", ""uncertainty_raw"": """", ""value_SI"": ""0.321""}"
MAT-IN718,youngs_modulus,1600,°F,1144.261111111111,20.2,10³ ksi,139.27409731859998,GPa,,"hot-rolled flat, stated heat treatment",typical,SRC-IN718-SMC,p.5 Table 4,T_K=(T_F-32)×5/9+273.15; SI=value×6.894757,alloy_material_dataset_v0.1.xlsx,Curve_Data,233,"{""SI_unit"": ""GPa"", ""condition"": ""hot-rolled flat, stated heat treatment"", ""data_kind"": ""typical"", ""material_id"": ""MAT-IN718"", ""property"": ""youngs_modulus"", ""source_id"": ""SRC-IN718-SMC"", ""source_locator"": ""p.5 Table 4"", ""temperature_K"": ""1144.261111111111"", ""transformation"": ""T_K=(T_F-32)×5/9+273.15; SI=value×6.894757"", ""uncertainty_raw"": """", ""value_SI"": ""139.27409731859998""}"
MAT-IN718,shear_modulus,1600,°F,1144.261111111111,7.6,10³ ksi,52.4001554268,GPa,,"hot-rolled flat, stated heat treatment",typical,SRC-IN718-SMC,p.5 Table 4,T_K=(T_F-32)×5/9+273.15; SI=value×6.894757,alloy_material_dataset_v0.1.xlsx,Curve_Data,234,"{""SI_unit"": ""GPa"", ""condition"": ""hot-rolled flat, stated heat treatment"", ""data_kind"": ""typical"", ""material_id"": ""MAT-IN718"", ""property"": ""shear_modulus"", ""source_id"": ""SRC-IN718-SMC"", ""source_locator"": ""p.5 Table 4"", ""temperature_K"": ""1144.261111111111"", ""transformation"": ""T_K=(T_F-32)×5/9+273.15; SI=value×6.894757"", ""uncertainty_raw"": """", ""value_SI"": ""52.4001554268""}"
MAT-IN718,poissons_ratio,1600,°F,1144.261111111111,0.331,dimensionless,0.331,dimensionless,,"hot-rolled flat, stated heat treatment",typical,SRC-IN718-SMC,p.5 Table 4,T_K=(T_F-32)×5/9+273.15; SI=value,alloy_material_dataset_v0.1.xlsx,Curve_Data,235,"{""SI_unit"": ""dimensionless"", ""condition"": ""hot-rolled flat, stated heat treatment"", ""data_kind"": ""typical"", ""material_id"": ""MAT-IN718"", ""property"": ""poissons_ratio"", ""source_id"": ""SRC-IN718-SMC"", ""source_locator"": ""p.5 Table 4"", ""temperature_K"": ""1144.261111111111"", ""transformation"": ""T_K=(T_F-32)×5/9+273.15; SI=value"", ""uncertainty_raw"": """", ""value_SI"": ""0.331""}"
MAT-IN718,youngs_modulus,1700,°F,1199.8166666666666,18.8,10³ ksi,129.6214371084,GPa,,"hot-rolled flat, stated heat treatment",typical,SRC-IN718-SMC,p.5 Table 4,T_K=(T_F-32)×5/9+273.15; SI=value×6.894757,alloy_material_dataset_v0.1.xlsx,Curve_Data,236,"{""SI_unit"": ""GPa"", ""condition"": ""hot-rolled flat, stated heat treatment"", ""data_kind"": ""typical"", ""material_id"": ""MAT-IN718"", ""property"": ""youngs_modulus"", ""source_id"": ""SRC-IN718-SMC"", ""source_locator"": ""p.5 Table 4"", ""temperature_K"": ""1199.8166666666666"", ""transformation"": ""T_K=(T_F-32)×5/9+273.15; SI=value×6.894757"", ""uncertainty_raw"": """", ""value_SI"": ""129.6214371084""}"
MAT-IN718,shear_modulus,1700,°F,1199.8166666666666,7.1,10³ ksi,48.95277678029999,GPa,,"hot-rolled flat, stated heat treatment",typical,SRC-IN718-SMC,p.5 Table 4,T_K=(T_F-32)×5/9+273.15; SI=value×6.894757,alloy_material_dataset_v0.1.xlsx,Curve_Data,237,"{""SI_unit"": ""GPa"", ""condition"": ""hot-rolled flat, stated heat treatment"", ""data_kind"": ""typical"", ""material_id"": ""MAT-IN718"", ""property"": ""shear_modulus"", ""source_id"": ""SRC-IN718-SMC"", ""source_locator"": ""p.5 Table 4"", ""temperature_K"": ""1199.8166666666666"", ""transformation"": ""T_K=(T_F-32)×5/9+273.15; SI=value×6.894757"", ""uncertainty_raw"": """", ""value_SI"": ""48.95277678029999""}"
MAT-IN718,poissons_ratio,1700,°F,1199.8166666666666,0.334,dimensionless,0.334,dimensionless,,"hot-rolled flat, stated heat treatment",typical,SRC-IN718-SMC,p.5 Table 4,T_K=(T_F-32)×5/9+273.15; SI=value,alloy_material_dataset_v0.1.xlsx,Curve_Data,238,"{""SI_unit"": ""dimensionless"", ""condition"": ""hot-rolled flat, stated heat treatment"", ""data_kind"": ""typical"", ""material_id"": ""MAT-IN718"", ""property"": ""poissons_ratio"", ""source_id"": ""SRC-IN718-SMC"", ""source_locator"": ""p.5 Table 4"", ""temperature_K"": ""1199.8166666666666"", ""transformation"": ""T_K=(T_F-32)×5/9+273.15; SI=value"", ""uncertainty_raw"": """", ""value_SI"": ""0.334""}"
MAT-IN718,youngs_modulus,1800,°F,1255.3722222222223,17.4,10³ ksi,119.96877689819998,GPa,,"hot-rolled flat, stated heat treatment",typical,SRC-IN718-SMC,p.5 Table 4,T_K=(T_F-32)×5/9+273.15; SI=value×6.894757,alloy_material_dataset_v0.1.xlsx,Curve_Data,239,"{""SI_unit"": ""GPa"", ""condition"": ""hot-rolled flat, stated heat treatment"", ""data_kind"": ""typical"", ""material_id"": ""MAT-IN718"", ""property"": ""youngs_modulus"", ""source_id"": ""SRC-IN718-SMC"", ""source_locator"": ""p.5 Table 4"", ""temperature_K"": ""1255.3722222222223"", ""transformation"": ""T_K=(T_F-32)×5/9+273.15; SI=value×6.894757"", ""uncertainty_raw"": """", ""value_SI"": ""119.96877689819998""}"
MAT-IN718,shear_modulus,1800,°F,1255.3722222222223,6.5,10³ ksi,44.8159224045,GPa,,"hot-rolled flat, stated heat treatment",typical,SRC-IN718-SMC,p.5 Table 4,T_K=(T_F-32)×5/9+273.15; SI=value×6.894757,alloy_material_dataset_v0.1.xlsx,Curve_Data,240,"{""SI_unit"": ""GPa"", ""condition"": ""hot-rolled flat, stated heat treatment"", ""data_kind"": ""typical"", ""material_id"": ""MAT-IN718"", ""property"": ""shear_modulus"", ""source_id"": ""SRC-IN718-SMC"", ""source_locator"": ""p.5 Table 4"", ""temperature_K"": ""1255.3722222222223"", ""transformation"": ""T_K=(T_F-32)×5/9+273.15; SI=value×6.894757"", ""uncertainty_raw"": """", ""value_SI"": ""44.8159224045""}"
MAT-IN718,poissons_ratio,1800,°F,1255.3722222222223,0.341,dimensionless,0.341,dimensionless,,"hot-rolled flat, stated heat treatment",typical,SRC-IN718-SMC,p.5 Table 4,T_K=(T_F-32)×5/9+273.15; SI=value,alloy_material_dataset_v0.1.xlsx,Curve_Data,241,"{""SI_unit"": ""dimensionless"", ""condition"": ""hot-rolled flat, stated heat treatment"", ""data_kind"": ""typical"", ""material_id"": ""MAT-IN718"", ""property"": ""poissons_ratio"", ""source_id"": ""SRC-IN718-SMC"", ""source_locator"": ""p.5 Table 4"", ""temperature_K"": ""1255.3722222222223"", ""transformation"": ""T_K=(T_F-32)×5/9+273.15; SI=value"", ""uncertainty_raw"": """", ""value_SI"": ""0.341""}"
MAT-IN718,youngs_modulus,1900,°F,1310.927777777778,15.9,10³ ksi,109.6266409587,GPa,,"hot-rolled flat, stated heat treatment",typical,SRC-IN718-SMC,p.5 Table 4,T_K=(T_F-32)×5/9+273.15; SI=value×6.894757,alloy_material_dataset_v0.1.xlsx,Curve_Data,242,"{""SI_unit"": ""GPa"", ""condition"": ""hot-rolled flat, stated heat treatment"", ""data_kind"": ""typical"", ""material_id"": ""MAT-IN718"", ""property"": ""youngs_modulus"", ""source_id"": ""SRC-IN718-SMC"", ""source_locator"": ""p.5 Table 4"", ""temperature_K"": ""1310.927777777778"", ""transformation"": ""T_K=(T_F-32)×5/9+273.15; SI=value×6.894757"", ""uncertainty_raw"": """", ""value_SI"": ""109.6266409587""}"
MAT-IN718,shear_modulus,1900,°F,1310.927777777778,5.8,10³ ksi,39.989592299399995,GPa,,"hot-rolled flat, stated heat treatment",typical,SRC-IN718-SMC,p.5 Table 4,T_K=(T_F-32)×5/9+273.15; SI=value×6.894757,alloy_material_dataset_v0.1.xlsx,Curve_Data,243,"{""SI_unit"": ""GPa"", ""condition"": ""hot-rolled flat, stated heat treatment"", ""data_kind"": ""typical"", ""material_id"": ""MAT-IN718"", ""property"": ""shear_modulus"", ""source_id"": ""SRC-IN718-SMC"", ""source_locator"": ""p.5 Table 4"", ""temperature_K"": ""1310.927777777778"", ""transformation"": ""T_K=(T_F-32)×5/9+273.15; SI=value×6.894757"", ""uncertainty_raw"": """", ""value_SI"": ""39.989592299399995""}"
MAT-IN718,poissons_ratio,1900,°F,1310.927777777778,0.366,dimensionless,0.366,dimensionless,,"hot-rolled flat, stated heat treatment",typical,SRC-IN718-SMC,p.5 Table 4,T_K=(T_F-32)×5/9+273.15; SI=value,alloy_material_dataset_v0.1.xlsx,Curve_Data,244,"{""SI_unit"": ""dimensionless"", ""condition"": ""hot-rolled flat, stated heat treatment"", ""data_kind"": ""typical"", ""material_id"": ""MAT-IN718"", ""property"": ""poissons_ratio"", ""source_id"": ""SRC-IN718-SMC"", ""source_locator"": ""p.5 Table 4"", ""temperature_K"": ""1310.927777777778"", ""transformation"": ""T_K=(T_F-32)×5/9+273.15; SI=value"", ""uncertainty_raw"": """", ""value_SI"": ""0.366""}"
MAT-IN718,youngs_modulus,2000,°F,1366.4833333333331,14.3,10³ ksi,98.5950292899,GPa,,"hot-rolled flat, stated heat treatment",typical,SRC-IN718-SMC,p.5 Table 4,T_K=(T_F-32)×5/9+273.15; SI=value×6.894757,alloy_material_dataset_v0.1.xlsx,Curve_Data,245,"{""SI_unit"": ""GPa"", ""condition"": ""hot-rolled flat, stated heat treatment"", ""data_kind"": ""typical"", ""material_id"": ""MAT-IN718"", ""property"": ""youngs_modulus"", ""source_id"": ""SRC-IN718-SMC"", ""source_locator"": ""p.5 Table 4"", ""temperature_K"": ""1366.4833333333331"", ""transformation"": ""T_K=(T_F-32)×5/9+273.15; SI=value×6.894757"", ""uncertainty_raw"": """", ""value_SI"": ""98.5950292899""}"
MAT-IN718,shear_modulus,2000,°F,1366.4833333333331,5.1,10³ ksi,35.163262194299996,GPa,,"hot-rolled flat, stated heat treatment",typical,SRC-IN718-SMC,p.5 Table 4,T_K=(T_F-32)×5/9+273.15; SI=value×6.894757,alloy_material_dataset_v0.1.xlsx,Curve_Data,246,"{""SI_unit"": ""GPa"", ""condition"": ""hot-rolled flat, stated heat treatment"", ""data_kind"": ""typical"", ""material_id"": ""MAT-IN718"", ""property"": ""shear_modulus"", ""source_id"": ""SRC-IN718-SMC"", ""source_locator"": ""p.5 Table 4"", ""temperature_K"": ""1366.4833333333331"", ""transformation"": ""T_K=(T_F-32)×5/9+273.15; SI=value×6.894757"", ""uncertainty_raw"": """", ""value_SI"": ""35.163262194299996""}"
MAT-IN718,poissons_ratio,2000,°F,1366.4833333333331,0.402,dimensionless,0.402,dimensionless,,"hot-rolled flat, stated heat treatment",typical,SRC-IN718-SMC,p.5 Table 4,T_K=(T_F-32)×5/9+273.15; SI=value,alloy_material_dataset_v0.1.xlsx,Curve_Data,247,"{""SI_unit"": ""dimensionless"", ""condition"": ""hot-rolled flat, stated heat treatment"", ""data_kind"": ""typical"", ""material_id"": ""MAT-IN718"", ""property"": ""poissons_ratio"", ""source_id"": ""SRC-IN718-SMC"", ""source_locator"": ""p.5 Table 4"", ""temperature_K"": ""1366.4833333333331"", ""transformation"": ""T_K=(T_F-32)×5/9+273.15; SI=value"", ""uncertainty_raw"": """", ""value_SI"": ""0.402""}"
MAT-IN718,thermal_conductivity,70,°F,294.26111111111106,77,Btu·in/(h·ft²·°F),11.105548993,W/(m·K),,annealed,typical,SRC-IN718-SMC,p.6 Table 5,T_K=(T_F-32)×5/9+273.15; SI=value×0.1442279,alloy_material_dataset_v0.1.xlsx,Curve_Data,248,"{""SI_unit"": ""W/(m·K)"", ""condition"": ""annealed"", ""data_kind"": ""typical"", ""material_id"": ""MAT-IN718"", ""property"": ""thermal_conductivity"", ""source_id"": ""SRC-IN718-SMC"", ""source_locator"": ""p.6 Table 5"", ""temperature_K"": ""294.26111111111106"", ""transformation"": ""T_K=(T_F-32)×5/9+273.15; SI=value×0.1442279"", ""uncertainty_raw"": """", ""value_SI"": ""11.105548993""}"
MAT-IN718,thermal_conductivity,70,°F,294.26111111111106,79,Btu·in/(h·ft²·°F),11.394004810999999,W/(m·K),,annealed and aged,typical,SRC-IN718-SMC,p.6 Table 5,T_K=(T_F-32)×5/9+273.15; SI=value×0.1442279,alloy_material_dataset_v0.1.xlsx,Curve_Data,249,"{""SI_unit"": ""W/(m·K)"", ""condition"": ""annealed and aged"", ""data_kind"": ""typical"", ""material_id"": ""MAT-IN718"", ""property"": ""thermal_conductivity"", ""source_id"": ""SRC-IN718-SMC"", ""source_locator"": ""p.6 Table 5"", ""temperature_K"": ""294.26111111111106"", ""transformation"": ""T_K=(T_F-32)×5/9+273.15; SI=value×0.1442279"", ""uncertainty_raw"": """", ""value_SI"": ""11.394004810999999""}"
MAT-IN718,thermal_conductivity,200,°F,366.4833333333333,86,Btu·in/(h·ft²·°F),12.403600174,W/(m·K),,annealed,typical,SRC-IN718-SMC,p.6 Table 5,T_K=(T_F-32)×5/9+273.15; SI=value×0.1442279,alloy_material_dataset_v0.1.xlsx,Curve_Data,250,"{""SI_unit"": ""W/(m·K)"", ""condition"": ""annealed"", ""data_kind"": ""typical"", ""material_id"": ""MAT-IN718"", ""property"": ""thermal_conductivity"", ""source_id"": ""SRC-IN718-SMC"", ""source_locator"": ""p.6 Table 5"", ""temperature_K"": ""366.4833333333333"", ""transformation"": ""T_K=(T_F-32)×5/9+273.15; SI=value×0.1442279"", ""uncertainty_raw"": """", ""value_SI"": ""12.403600174""}"
MAT-IN718,thermal_conductivity,200,°F,366.4833333333333,87,Btu·in/(h·ft²·°F),12.547828082999999,W/(m·K),,annealed and aged,typical,SRC-IN718-SMC,p.6 Table 5,T_K=(T_F-32)×5/9+273.15; SI=value×0.1442279,alloy_material_dataset_v0.1.xlsx,Curve_Data,251,"{""SI_unit"": ""W/(m·K)"", ""condition"": ""annealed and aged"", ""data_kind"": ""typical"", ""material_id"": ""MAT-IN718"", ""property"": ""thermal_conductivity"", ""source_id"": ""SRC-IN718-SMC"", ""source_locator"": ""p.6 Table 5"", ""temperature_K"": ""366.4833333333333"", ""transformation"": ""T_K=(T_F-32)×5/9+273.15; SI=value×0.1442279"", ""uncertainty_raw"": """", ""value_SI"": ""12.547828082999999""}"
MAT-IN718,thermal_conductivity,400,°F,477.59444444444443,98,Btu·in/(h·ft²·°F),14.134335081999998,W/(m·K),,annealed,typical,SRC-IN718-SMC,p.6 Table 5,T_K=(T_F-32)×5/9+273.15; SI=value×0.1442279,alloy_material_dataset_v0.1.xlsx,Curve_Data,252,"{""SI_unit"": ""W/(m·K)"", ""condition"": ""annealed"", ""data_kind"": ""typical"", ""material_id"": ""MAT-IN718"", ""property"": ""thermal_conductivity"", ""source_id"": ""SRC-IN718-SMC"", ""source_locator"": ""p.6 Table 5"", ""temperature_K"": ""477.59444444444443"", ""transformation"": ""T_K=(T_F-32)×5/9+273.15; SI=value×0.1442279"", ""uncertainty_raw"": """", ""value_SI"": ""14.134335081999998""}"
MAT-IN718,thermal_conductivity,400,°F,477.59444444444443,100,Btu·in/(h·ft²·°F),14.422790899999999,W/(m·K),,annealed and aged,typical,SRC-IN718-SMC,p.6 Table 5,T_K=(T_F-32)×5/9+273.15; SI=value×0.1442279,alloy_material_dataset_v0.1.xlsx,Curve_Data,253,"{""SI_unit"": ""W/(m·K)"", ""condition"": ""annealed and aged"", ""data_kind"": ""typical"", ""material_id"": ""MAT-IN718"", ""property"": ""thermal_conductivity"", ""source_id"": ""SRC-IN718-SMC"", ""source_locator"": ""p.6 Table 5"", ""temperature_K"": ""477.59444444444443"", ""transformation"": ""T_K=(T_F-32)×5/9+273.15; SI=value×0.1442279"", ""uncertainty_raw"": """", ""value_SI"": ""14.422790899999999""}"
MAT-IN718,thermal_conductivity,600,°F,588.7055555555555,111,Btu·in/(h·ft²·°F),16.009297899,W/(m·K),,annealed,typical,SRC-IN718-SMC,p.6 Table 5,T_K=(T_F-32)×5/9+273.15; SI=value×0.1442279,alloy_material_dataset_v0.1.xlsx,Curve_Data,254,"{""SI_unit"": ""W/(m·K)"", ""condition"": ""annealed"", ""data_kind"": ""typical"", ""material_id"": ""MAT-IN718"", ""property"": ""thermal_conductivity"", ""source_id"": ""SRC-IN718-SMC"", ""source_locator"": ""p.6 Table 5"", ""temperature_K"": ""588.7055555555555"", ""transformation"": ""T_K=(T_F-32)×5/9+273.15; SI=value×0.1442279"", ""uncertainty_raw"": """", ""value_SI"": ""16.009297899""}"
MAT-IN718,thermal_conductivity,600,°F,588.7055555555555,112,Btu·in/(h·ft²·°F),16.153525807999998,W/(m·K),,annealed and aged,typical,SRC-IN718-SMC,p.6 Table 5,T_K=(T_F-32)×5/9+273.15; SI=value×0.1442279,alloy_material_dataset_v0.1.xlsx,Curve_Data,255,"{""SI_unit"": ""W/(m·K)"", ""condition"": ""annealed and aged"", ""data_kind"": ""typical"", ""material_id"": ""MAT-IN718"", ""property"": ""thermal_conductivity"", ""source_id"": ""SRC-IN718-SMC"", ""source_locator"": ""p.6 Table 5"", ""temperature_K"": ""588.7055555555555"", ""transformation"": ""T_K=(T_F-32)×5/9+273.15; SI=value×0.1442279"", ""uncertainty_raw"": """", ""value_SI"": ""16.153525807999998""}"
MAT-IN718,thermal_conductivity,800,°F,699.8166666666666,123,Btu·in/(h·ft²·°F),17.740032807,W/(m·K),,annealed,typical,SRC-IN718-SMC,p.6 Table 5,T_K=(T_F-32)×5/9+273.15; SI=value×0.1442279,alloy_material_dataset_v0.1.xlsx,Curve_Data,256,"{""SI_unit"": ""W/(m·K)"", ""condition"": ""annealed"", ""data_kind"": ""typical"", ""material_id"": ""MAT-IN718"", ""property"": ""thermal_conductivity"", ""source_id"": ""SRC-IN718-SMC"", ""source_locator"": ""p.6 Table 5"", ""temperature_K"": ""699.8166666666666"", ""transformation"": ""T_K=(T_F-32)×5/9+273.15; SI=value×0.1442279"", ""uncertainty_raw"": """", ""value_SI"": ""17.740032807""}"
MAT-IN718,thermal_conductivity,800,°F,699.8166666666666,124,Btu·in/(h·ft²·°F),17.884260716,W/(m·K),,annealed and aged,typical,SRC-IN718-SMC,p.6 Table 5,T_K=(T_F-32)×5/9+273.15; SI=value×0.1442279,alloy_material_dataset_v0.1.xlsx,Curve_Data,257,"{""SI_unit"": ""W/(m·K)"", ""condition"": ""annealed and aged"", ""data_kind"": ""typical"", ""material_id"": ""MAT-IN718"", ""property"": ""thermal_conductivity"", ""source_id"": ""SRC-IN718-SMC"", ""source_locator"": ""p.6 Table 5"", ""temperature_K"": ""699.8166666666666"", ""transformation"": ""T_K=(T_F-32)×5/9+273.15; SI=value×0.1442279"", ""uncertainty_raw"": """", ""value_SI"": ""17.884260716""}"
MAT-IN718,thermal_conductivity,1000,°F,810.9277777777778,135,Btu·in/(h·ft²·°F),19.470767714999997,W/(m·K),,annealed,typical,SRC-IN718-SMC,p.6 Table 5,T_K=(T_F-32)×5/9+273.15; SI=value×0.1442279,alloy_material_dataset_v0.1.xlsx,Curve_Data,258,"{""SI_unit"": ""W/(m·K)"", ""condition"": ""annealed"", ""data_kind"": ""typical"", ""material_id"": ""MAT-IN718"", ""property"": ""thermal_conductivity"", ""source_id"": ""SRC-IN718-SMC"", ""source_locator"": ""p.6 Table 5"", ""temperature_K"": ""810.9277777777778"", ""transformation"": ""T_K=(T_F-32)×5/9+273.15; SI=value×0.1442279"", ""uncertainty_raw"": """", ""value_SI"": ""19.470767714999997""}"
MAT-IN718,thermal_conductivity,1000,°F,810.9277777777778,136,Btu·in/(h·ft²·°F),19.614995624,W/(m·K),,annealed and aged,typical,SRC-IN718-SMC,p.6 Table 5,T_K=(T_F-32)×5/9+273.15; SI=value×0.1442279,alloy_material_dataset_v0.1.xlsx,Curve_Data,259,"{""SI_unit"": ""W/(m·K)"", ""condition"": ""annealed and aged"", ""data_kind"": ""typical"", ""material_id"": ""MAT-IN718"", ""property"": ""thermal_conductivity"", ""source_id"": ""SRC-IN718-SMC"", ""source_locator"": ""p.6 Table 5"", ""temperature_K"": ""810.9277777777778"", ""transformation"": ""T_K=(T_F-32)×5/9+273.15; SI=value×0.1442279"", ""uncertainty_raw"": """", ""value_SI"": ""19.614995624""}"
MAT-IN718,thermal_conductivity,1200,°F,922.0388888888889,147,Btu·in/(h·ft²·°F),21.201502623,W/(m·K),,annealed,typical,SRC-IN718-SMC,p.6 Table 5,T_K=(T_F-32)×5/9+273.15; SI=value×0.1442279,alloy_material_dataset_v0.1.xlsx,Curve_Data,260,"{""SI_unit"": ""W/(m·K)"", ""condition"": ""annealed"", ""data_kind"": ""typical"", ""material_id"": ""MAT-IN718"", ""property"": ""thermal_conductivity"", ""source_id"": ""SRC-IN718-SMC"", ""source_locator"": ""p.6 Table 5"", ""temperature_K"": ""922.0388888888889"", ""transformation"": ""T_K=(T_F-32)×5/9+273.15; SI=value×0.1442279"", ""uncertainty_raw"": """", ""value_SI"": ""21.201502623""}"
MAT-IN718,thermal_conductivity,1200,°F,922.0388888888889,148,Btu·in/(h·ft²·°F),21.345730531999997,W/(m·K),,annealed and aged,typical,SRC-IN718-SMC,p.6 Table 5,T_K=(T_F-32)×5/9+273.15; SI=value×0.1442279,alloy_material_dataset_v0.1.xlsx,Curve_Data,261,"{""SI_unit"": ""W/(m·K)"", ""condition"": ""annealed and aged"", ""data_kind"": ""typical"", ""material_id"": ""MAT-IN718"", ""property"": ""thermal_conductivity"", ""source_id"": ""SRC-IN718-SMC"", ""source_locator"": ""p.6 Table 5"", ""temperature_K"": ""922.0388888888889"", ""transformation"": ""T_K=(T_F-32)×5/9+273.15; SI=value×0.1442279"", ""uncertainty_raw"": """", ""value_SI"": ""21.345730531999997""}"
MAT-IN718,thermal_conductivity,1400,°F,1033.15,160,Btu·in/(h·ft²·°F),23.07646544,W/(m·K),,annealed,typical,SRC-IN718-SMC,p.6 Table 5,T_K=(T_F-32)×5/9+273.15; SI=value×0.1442279,alloy_material_dataset_v0.1.xlsx,Curve_Data,262,"{""SI_unit"": ""W/(m·K)"", ""condition"": ""annealed"", ""data_kind"": ""typical"", ""material_id"": ""MAT-IN718"", ""property"": ""thermal_conductivity"", ""source_id"": ""SRC-IN718-SMC"", ""source_locator"": ""p.6 Table 5"", ""temperature_K"": ""1033.15"", ""transformation"": ""T_K=(T_F-32)×5/9+273.15; SI=value×0.1442279"", ""uncertainty_raw"": """", ""value_SI"": ""23.07646544""}"
MAT-IN718,thermal_conductivity,1400,°F,1033.15,161,Btu·in/(h·ft²·°F),23.220693348999998,W/(m·K),,annealed and aged,typical,SRC-IN718-SMC,p.6 Table 5,T_K=(T_F-32)×5/9+273.15; SI=value×0.1442279,alloy_material_dataset_v0.1.xlsx,Curve_Data,263,"{""SI_unit"": ""W/(m·K)"", ""condition"": ""annealed and aged"", ""data_kind"": ""typical"", ""material_id"": ""MAT-IN718"", ""property"": ""thermal_conductivity"", ""source_id"": ""SRC-IN718-SMC"", ""source_locator"": ""p.6 Table 5"", ""temperature_K"": ""1033.15"", ""transformation"": ""T_K=(T_F-32)×5/9+273.15; SI=value×0.1442279"", ""uncertainty_raw"": """", ""value_SI"": ""23.220693348999998""}"
MAT-IN718,thermal_conductivity,1600,°F,1144.261111111111,173,Btu·in/(h·ft²·°F),24.951428256999996,W/(m·K),,annealed,typical,SRC-IN718-SMC,p.6 Table 5,T_K=(T_F-32)×5/9+273.15; SI=value×0.1442279,alloy_material_dataset_v0.1.xlsx,Curve_Data,264,"{""SI_unit"": ""W/(m·K)"", ""condition"": ""annealed"", ""data_kind"": ""typical"", ""material_id"": ""MAT-IN718"", ""property"": ""thermal_conductivity"", ""source_id"": ""SRC-IN718-SMC"", ""source_locator"": ""p.6 Table 5"", ""temperature_K"": ""1144.261111111111"", ""transformation"": ""T_K=(T_F-32)×5/9+273.15; SI=value×0.1442279"", ""uncertainty_raw"": """", ""value_SI"": ""24.951428256999996""}"
MAT-IN718,thermal_conductivity,1600,°F,1144.261111111111,173,Btu·in/(h·ft²·°F),24.951428256999996,W/(m·K),,annealed and aged,typical,SRC-IN718-SMC,p.6 Table 5,T_K=(T_F-32)×5/9+273.15; SI=value×0.1442279,alloy_material_dataset_v0.1.xlsx,Curve_Data,265,"{""SI_unit"": ""W/(m·K)"", ""condition"": ""annealed and aged"", ""data_kind"": ""typical"", ""material_id"": ""MAT-IN718"", ""property"": ""thermal_conductivity"", ""source_id"": ""SRC-IN718-SMC"", ""source_locator"": ""p.6 Table 5"", ""temperature_K"": ""1144.261111111111"", ""transformation"": ""T_K=(T_F-32)×5/9+273.15; SI=value×0.1442279"", ""uncertainty_raw"": """", ""value_SI"": ""24.951428256999996""}"
MAT-IN718,thermal_conductivity,1800,°F,1255.3722222222223,185,Btu·in/(h·ft²·°F),26.682163165,W/(m·K),,annealed,typical,SRC-IN718-SMC,p.6 Table 5,T_K=(T_F-32)×5/9+273.15; SI=value×0.1442279,alloy_material_dataset_v0.1.xlsx,Curve_Data,266,"{""SI_unit"": ""W/(m·K)"", ""condition"": ""annealed"", ""data_kind"": ""typical"", ""material_id"": ""MAT-IN718"", ""property"": ""thermal_conductivity"", ""source_id"": ""SRC-IN718-SMC"", ""source_locator"": ""p.6 Table 5"", ""temperature_K"": ""1255.3722222222223"", ""transformation"": ""T_K=(T_F-32)×5/9+273.15; SI=value×0.1442279"", ""uncertainty_raw"": """", ""value_SI"": ""26.682163165""}"
MAT-IN718,thermal_conductivity,1800,°F,1255.3722222222223,186,Btu·in/(h·ft²·°F),26.826391073999996,W/(m·K),,annealed and aged,typical,SRC-IN718-SMC,p.6 Table 5,T_K=(T_F-32)×5/9+273.15; SI=value×0.1442279,alloy_material_dataset_v0.1.xlsx,Curve_Data,267,"{""SI_unit"": ""W/(m·K)"", ""condition"": ""annealed and aged"", ""data_kind"": ""typical"", ""material_id"": ""MAT-IN718"", ""property"": ""thermal_conductivity"", ""source_id"": ""SRC-IN718-SMC"", ""source_locator"": ""p.6 Table 5"", ""temperature_K"": ""1255.3722222222223"", ""transformation"": ""T_K=(T_F-32)×5/9+273.15; SI=value×0.1442279"", ""uncertainty_raw"": """", ""value_SI"": ""26.826391073999996""}"
MAT-IN718,thermal_conductivity,2000,°F,1366.4833333333331,196,Btu·in/(h·ft²·°F),28.268670163999996,W/(m·K),,annealed,typical,SRC-IN718-SMC,p.6 Table 5,T_K=(T_F-32)×5/9+273.15; SI=value×0.1442279,alloy_material_dataset_v0.1.xlsx,Curve_Data,268,"{""SI_unit"": ""W/(m·K)"", ""condition"": ""annealed"", ""data_kind"": ""typical"", ""material_id"": ""MAT-IN718"", ""property"": ""thermal_conductivity"", ""source_id"": ""SRC-IN718-SMC"", ""source_locator"": ""p.6 Table 5"", ""temperature_K"": ""1366.4833333333331"", ""transformation"": ""T_K=(T_F-32)×5/9+273.15; SI=value×0.1442279"", ""uncertainty_raw"": """", ""value_SI"": ""28.268670163999996""}"
MAT-IN718,thermal_conductivity,2000,°F,1366.4833333333331,199,Btu·in/(h·ft²·°F),28.701353890999997,W/(m·K),,annealed and aged,typical,SRC-IN718-SMC,p.6 Table 5,T_K=(T_F-32)×5/9+273.15; SI=value×0.1442279,alloy_material_dataset_v0.1.xlsx,Curve_Data,269,"{""SI_unit"": ""W/(m·K)"", ""condition"": ""annealed and aged"", ""data_kind"": ""typical"", ""material_id"": ""MAT-IN718"", ""property"": ""thermal_conductivity"", ""source_id"": ""SRC-IN718-SMC"", ""source_locator"": ""p.6 Table 5"", ""temperature_K"": ""1366.4833333333331"", ""transformation"": ""T_K=(T_F-32)×5/9+273.15; SI=value×0.1442279"", ""uncertainty_raw"": """", ""value_SI"": ""28.701353890999997""}"
MAT-AL6061-T6,thermal_conductivity,4,K,4,5.34742389854,W/(m·K),5.34742389854,W/(m·K),0.5% curve-fit error relative to source data,T6；NIST published curve fit；fit error relative to data 0.5%,derived_from_published_curve_fit,SRC-AL6061-NIST,AL6061物性数据；p.1；table-0001,log10(y)=a+b log10(T)+...+i(log10(T))^8; evaluated at fixed source-range grid,data/raw/incoming/material_platform/2026-08-06_high_temperature_header_v2/high_temperature_material.AL6061__thermal_properties__units_thermal_conductivity_w_m_k.csv,table-0001,1-13,published NIST coefficients a-i; source data range 4-300 K; equation range 1-300 K
MAT-AL6061-T6,thermal_conductivity,20,K,20,28.4275476264,W/(m·K),28.4275476264,W/(m·K),0.5% curve-fit error relative to source data,T6；NIST published curve fit；fit error relative to data 0.5%,derived_from_published_curve_fit,SRC-AL6061-NIST,AL6061物性数据；p.1；table-0001,log10(y)=a+b log10(T)+...+i(log10(T))^8; evaluated at fixed source-range grid,data/raw/incoming/material_platform/2026-08-06_high_temperature_header_v2/high_temperature_material.AL6061__thermal_properties__units_thermal_conductivity_w_m_k.csv,table-0001,1-13,published NIST coefficients a-i; source data range 4-300 K; equation range 1-300 K
MAT-AL6061-T6,thermal_conductivity,77,K,77,83.5314419471,W/(m·K),83.5314419471,W/(m·K),0.5% curve-fit error relative to source data,T6；NIST published curve fit；fit error relative to data 0.5%,derived_from_published_curve_fit,SRC-AL6061-NIST,AL6061物性数据；p.1；table-0001,log10(y)=a+b log10(T)+...+i(log10(T))^8; evaluated at fixed source-range grid,data/raw/incoming/material_platform/2026-08-06_high_temperature_header_v2/high_temperature_material.AL6061__thermal_properties__units_thermal_conductivity_w_m_k.csv,table-0001,1-13,published NIST coefficients a-i; source data range 4-300 K; equation range 1-300 K
MAT-AL6061-T6,thermal_conductivity,150,K,150,120.362866839,W/(m·K),120.362866839,W/(m·K),0.5% curve-fit error relative to source data,T6；NIST published curve fit；fit error relative to data 0.5%,derived_from_published_curve_fit,SRC-AL6061-NIST,AL6061物性数据；p.1；table-0001,log10(y)=a+b log10(T)+...+i(log10(T))^8; evaluated at fixed source-range grid,data/raw/incoming/material_platform/2026-08-06_high_temperature_header_v2/high_temperature_material.AL6061__thermal_properties__units_thermal_conductivity_w_m_k.csv,table-0001,1-13,published NIST coefficients a-i; source data range 4-300 K; equation range 1-300 K
MAT-AL6061-T6,thermal_conductivity,200,K,200,136.025244261,W/(m·K),136.025244261,W/(m·K),0.5% curve-fit error relative to source data,T6；NIST published curve fit；fit error relative to data 0.5%,derived_from_published_curve_fit,SRC-AL6061-NIST,AL6061物性数据；p.1；table-0001,log10(y)=a+b log10(T)+...+i(log10(T))^8; evaluated at fixed source-range grid,data/raw/incoming/material_platform/2026-08-06_high_temperature_header_v2/high_temperature_material.AL6061__thermal_properties__units_thermal_conductivity_w_m_k.csv,table-0001,1-13,published NIST coefficients a-i; source data range 4-300 K; equation range 1-300 K
MAT-AL6061-T6,thermal_conductivity,250,K,250,147.242683418,W/(m·K),147.242683418,W/(m·K),0.5% curve-fit error relative to source data,T6；NIST published curve fit；fit error relative to data 0.5%,derived_from_published_curve_fit,SRC-AL6061-NIST,AL6061物性数据；p.1；table-0001,log10(y)=a+b log10(T)+...+i(log10(T))^8; evaluated at fixed source-range grid,data/raw/incoming/material_platform/2026-08-06_high_temperature_header_v2/high_temperature_material.AL6061__thermal_properties__units_thermal_conductivity_w_m_k.csv,table-0001,1-13,published NIST coefficients a-i; source data range 4-300 K; equation range 1-300 K
MAT-AL6061-T6,thermal_conductivity,293.15,K,293.15,154.366564394,W/(m·K),154.366564394,W/(m·K),0.5% curve-fit error relative to source data,T6；NIST published curve fit；fit error relative to data 0.5%,derived_from_published_curve_fit,SRC-AL6061-NIST,AL6061物性数据；p.1；table-0001,log10(y)=a+b log10(T)+...+i(log10(T))^8; evaluated at fixed source-range grid,data/raw/incoming/material_platform/2026-08-06_high_temperature_header_v2/high_temperature_material.AL6061__thermal_properties__units_thermal_conductivity_w_m_k.csv,table-0001,1-13,published NIST coefficients a-i; source data range 4-300 K; equation range 1-300 K
MAT-AL6061-T6,thermal_conductivity,300,K,300,155.318789794,W/(m·K),155.318789794,W/(m·K),0.5% curve-fit error relative to source data,T6；NIST published curve fit；fit error relative to data 0.5%,derived_from_published_curve_fit,SRC-AL6061-NIST,AL6061物性数据；p.1；table-0001,log10(y)=a+b log10(T)+...+i(log10(T))^8; evaluated at fixed source-range grid,data/raw/incoming/material_platform/2026-08-06_high_temperature_header_v2/high_temperature_material.AL6061__thermal_properties__units_thermal_conductivity_w_m_k.csv,table-0001,1-13,published NIST coefficients a-i; source data range 4-300 K; equation range 1-300 K
